"m";"condition";"task";"participant";"z";"X";"y"
"apr";"hd";"crazy";"Co1";4;4;4
"aug";"hd";"crazy";"Co1";4;4;4
"dec";"hd";"crazy";"Co1";4;4;4
"feb";"hd";"crazy";"Co1";4;4;4
"jan";"hd";"crazy";"Co1";3;3;3
"jul";"hd";"crazy";"Co1";3;3;3
"jun";"hd";"crazy";"Co1";4;4;4
"mar";"hd";"crazy";"Co1";4;4;4
"may";"hd";"crazy";"Co1";4;4;4
"nov";"hd";"crazy";"Co1";3;3;3
"oct";"hd";"crazy";"Co1";2;2;2
"sep";"hd";"crazy";"Co1";3;3;3
"apr";"str";"crazy";"Co1";4;4;4
"aug";"str";"crazy";"Co1";4;4;4
"dec";"str";"crazy";"Co1";4;4;4
"feb";"str";"crazy";"Co1";3;3;3
"jan";"str";"crazy";"Co1";4;4;4
"jul";"str";"crazy";"Co1";4;4;4
"jun";"str";"crazy";"Co1";4;4;4
"mar";"str";"crazy";"Co1";4;4;4
"may";"str";"crazy";"Co1";4;4;4
"nov";"str";"crazy";"Co1";4;4;4
"oct";"str";"crazy";"Co1";3;3;3
"sep";"str";"crazy";"Co1";3;3;3
"apr";"tr";"crazy";"Co1";4;4;4
"aug";"tr";"crazy";"Co1";3;3;3
"dec";"tr";"crazy";"Co1";4;4;4
"feb";"tr";"crazy";"Co1";4;4;4
"jan";"tr";"crazy";"Co1";3;3;3
"jul";"tr";"crazy";"Co1";4;4;4
"jun";"tr";"crazy";"Co1";4;4;4
"mar";"tr";"crazy";"Co1";4;4;4
"may";"tr";"crazy";"Co1";3;3;3
"nov";"tr";"crazy";"Co1";4;4;4
"oct";"tr";"crazy";"Co1";4;4;4
"sep";"tr";"crazy";"Co1";4;4;4
"apr";"hd";"month";"Co1";4;4;4
"aug";"hd";"month";"Co1";4;4;4
"dec";"hd";"month";"Co1";4;4;4
"feb";"hd";"month";"Co1";4;4;4
"jan";"hd";"month";"Co1";4;4;4
"jul";"hd";"month";"Co1";4;4;4
"jun";"hd";"month";"Co1";4;4;4
"mar";"hd";"month";"Co1";3;3;3
"may";"hd";"month";"Co1";4;4;4
"nov";"hd";"month";"Co1";4;4;4
"oct";"hd";"month";"Co1";3;3;3
"sep";"hd";"month";"Co1";1;1;1
"apr";"str";"month";"Co1";4;4;4
"aug";"str";"month";"Co1";4;4;4
"dec";"str";"month";"Co1";4;4;4
"feb";"str";"month";"Co1";3;3;3
"jan";"str";"month";"Co1";4;4;4
"jul";"str";"month";"Co1";4;4;4
"jun";"str";"month";"Co1";3;3;3
"mar";"str";"month";"Co1";4;4;4
"may";"str";"month";"Co1";4;4;4
"nov";"str";"month";"Co1";4;4;4
"oct";"str";"month";"Co1";4;4;4
"sep";"str";"month";"Co1";2;2;2
"apr";"tr";"month";"Co1";4;4;4
"aug";"tr";"month";"Co1";3;3;3
"dec";"tr";"month";"Co1";4;4;4
"feb";"tr";"month";"Co1";3;3;3
"jan";"tr";"month";"Co1";2;2;2
"jul";"tr";"month";"Co1";4;4;4
"jun";"tr";"month";"Co1";4;4;4
"mar";"tr";"month";"Co1";3;3;3
"may";"tr";"month";"Co1";4;4;4
"nov";"tr";"month";"Co1";4;4;4
"oct";"tr";"month";"Co1";4;4;4
"sep";"tr";"month";"Co1";2;2;2
"apr";"hd";"crazy";"Co10";4;4;4
"aug";"hd";"crazy";"Co10";4;4;4
"dec";"hd";"crazy";"Co10";4;4;4
"feb";"hd";"crazy";"Co10";4;4;4
"jan";"hd";"crazy";"Co10";4;4;4
"jul";"hd";"crazy";"Co10";4;4;4
"jun";"hd";"crazy";"Co10";4;4;4
"mar";"hd";"crazy";"Co10";4;4;4
"may";"hd";"crazy";"Co10";4;4;4
"nov";"hd";"crazy";"Co10";4;4;4
"oct";"hd";"crazy";"Co10";3;3;3
"sep";"hd";"crazy";"Co10";4;4;4
"apr";"str";"crazy";"Co10";4;4;4
"aug";"str";"crazy";"Co10";4;4;4
"dec";"str";"crazy";"Co10";4;4;4
"feb";"str";"crazy";"Co10";4;4;4
"jan";"str";"crazy";"Co10";4;4;4
"jul";"str";"crazy";"Co10";4;4;4
"jun";"str";"crazy";"Co10";4;4;4
"mar";"str";"crazy";"Co10";4;4;4
"may";"str";"crazy";"Co10";4;4;4
"nov";"str";"crazy";"Co10";4;4;4
"oct";"str";"crazy";"Co10";4;4;4
"sep";"str";"crazy";"Co10";4;4;4
"apr";"tr";"crazy";"Co10";4;4;4
"aug";"tr";"crazy";"Co10";4;4;4
"dec";"tr";"crazy";"Co10";4;4;4
"feb";"tr";"crazy";"Co10";4;4;4
"jan";"tr";"crazy";"Co10";4;4;4
"jul";"tr";"crazy";"Co10";4;4;4
"jun";"tr";"crazy";"Co10";4;4;4
"mar";"tr";"crazy";"Co10";4;4;4
"may";"tr";"crazy";"Co10";4;4;4
"nov";"tr";"crazy";"Co10";4;4;4
"oct";"tr";"crazy";"Co10";4;4;4
"sep";"tr";"crazy";"Co10";4;4;4
"apr";"hd";"month";"Co10";4;4;4
"aug";"hd";"month";"Co10";4;4;4
"dec";"hd";"month";"Co10";4;4;4
"feb";"hd";"month";"Co10";4;4;4
"jan";"hd";"month";"Co10";4;4;4
"jul";"hd";"month";"Co10";4;4;4
"jun";"hd";"month";"Co10";4;4;4
"mar";"hd";"month";"Co10";4;4;4
"may";"hd";"month";"Co10";4;4;4
"nov";"hd";"month";"Co10";4;4;4
"oct";"hd";"month";"Co10";4;4;4
"sep";"hd";"month";"Co10";4;4;4
"apr";"str";"month";"Co10";4;4;4
"aug";"str";"month";"Co10";4;4;4
"dec";"str";"month";"Co10";4;4;4
"feb";"str";"month";"Co10";4;4;4
"jan";"str";"month";"Co10";4;4;4
"jul";"str";"month";"Co10";4;4;4
"jun";"str";"month";"Co10";4;4;4
"mar";"str";"month";"Co10";4;4;4
"may";"str";"month";"Co10";4;4;4
"nov";"str";"month";"Co10";4;4;4
"oct";"str";"month";"Co10";4;4;4
"sep";"str";"month";"Co10";4;4;4
"apr";"tr";"month";"Co10";4;4;4
"aug";"tr";"month";"Co10";4;4;4
"dec";"tr";"month";"Co10";3;3;3
"feb";"tr";"month";"Co10";4;4;4
"jan";"tr";"month";"Co10";4;4;4
"jul";"tr";"month";"Co10";4;4;4
"jun";"tr";"month";"Co10";3;3;3
"mar";"tr";"month";"Co10";3;3;3
"may";"tr";"month";"Co10";4;4;4
"nov";"tr";"month";"Co10";4;4;4
"oct";"tr";"month";"Co10";4;4;4
"sep";"tr";"month";"Co10";4;4;4
"apr";"hd";"crazy";"Co2";4;4;4
"aug";"hd";"crazy";"Co2";4;4;4
"dec";"hd";"crazy";"Co2";4;4;4
"feb";"hd";"crazy";"Co2";4;4;4
"jan";"hd";"crazy";"Co2";4;4;4
"jul";"hd";"crazy";"Co2";4;4;4
"jun";"hd";"crazy";"Co2";4;4;4
"mar";"hd";"crazy";"Co2";4;4;4
"may";"hd";"crazy";"Co2";4;4;4
"nov";"hd";"crazy";"Co2";4;4;4
"oct";"hd";"crazy";"Co2";4;4;4
"sep";"hd";"crazy";"Co2";4;4;4
"apr";"str";"crazy";"Co2";4;4;4
"aug";"str";"crazy";"Co2";4;4;4
"dec";"str";"crazy";"Co2";4;4;4
"feb";"str";"crazy";"Co2";4;4;4
"jan";"str";"crazy";"Co2";4;4;4
"jul";"str";"crazy";"Co2";4;4;4
"jun";"str";"crazy";"Co2";4;4;4
"mar";"str";"crazy";"Co2";4;4;4
"may";"str";"crazy";"Co2";4;4;4
"nov";"str";"crazy";"Co2";4;4;4
"oct";"str";"crazy";"Co2";4;4;4
"sep";"str";"crazy";"Co2";4;4;4
"apr";"tr";"crazy";"Co2";3;3;3
"aug";"tr";"crazy";"Co2";4;4;4
"dec";"tr";"crazy";"Co2";3;3;3
"feb";"tr";"crazy";"Co2";4;4;4
"jan";"tr";"crazy";"Co2";4;4;4
"jul";"tr";"crazy";"Co2";4;4;4
"jun";"tr";"crazy";"Co2";4;4;4
"mar";"tr";"crazy";"Co2";4;4;4
"may";"tr";"crazy";"Co2";4;4;4
"nov";"tr";"crazy";"Co2";4;4;4
"oct";"tr";"crazy";"Co2";3;3;3
"sep";"tr";"crazy";"Co2";4;4;4
"apr";"hd";"month";"Co2";4;4;4
"aug";"hd";"month";"Co2";4;4;4
"dec";"hd";"month";"Co2";4;4;4
"feb";"hd";"month";"Co2";4;4;4
"jan";"hd";"month";"Co2";4;4;4
"jul";"hd";"month";"Co2";4;4;4
"jun";"hd";"month";"Co2";4;4;4
"mar";"hd";"month";"Co2";4;4;4
"may";"hd";"month";"Co2";4;4;4
"nov";"hd";"month";"Co2";4;4;4
"oct";"hd";"month";"Co2";4;4;4
"sep";"hd";"month";"Co2";4;4;4
"apr";"str";"month";"Co2";4;4;4
"aug";"str";"month";"Co2";4;4;4
"dec";"str";"month";"Co2";4;4;4
"feb";"str";"month";"Co2";4;4;4
"jan";"str";"month";"Co2";4;4;4
"jul";"str";"month";"Co2";4;4;4
"jun";"str";"month";"Co2";4;4;4
"mar";"str";"month";"Co2";3;3;3
"may";"str";"month";"Co2";4;4;4
"nov";"str";"month";"Co2";4;4;4
"oct";"str";"month";"Co2";4;4;4
"sep";"str";"month";"Co2";4;4;4
"apr";"tr";"month";"Co2";4;4;4
"aug";"tr";"month";"Co2";4;4;4
"dec";"tr";"month";"Co2";4;4;4
"feb";"tr";"month";"Co2";4;4;4
"jan";"tr";"month";"Co2";4;4;4
"jul";"tr";"month";"Co2";4;4;4
"jun";"tr";"month";"Co2";4;4;4
"mar";"tr";"month";"Co2";4;4;4
"may";"tr";"month";"Co2";4;4;4
"nov";"tr";"month";"Co2";4;4;4
"oct";"tr";"month";"Co2";4;4;4
"sep";"tr";"month";"Co2";4;4;4
"apr";"hd";"crazy";"Co3";4;4;4
"aug";"hd";"crazy";"Co3";4;4;4
"dec";"hd";"crazy";"Co3";4;4;4
"feb";"hd";"crazy";"Co3";4;4;4
"jan";"hd";"crazy";"Co3";4;4;4
"jul";"hd";"crazy";"Co3";4;4;4
"jun";"hd";"crazy";"Co3";4;4;4
"mar";"hd";"crazy";"Co3";4;4;4
"may";"hd";"crazy";"Co3";4;4;4
"nov";"hd";"crazy";"Co3";4;4;4
"oct";"hd";"crazy";"Co3";4;4;4
"sep";"hd";"crazy";"Co3";4;4;4
"apr";"str";"crazy";"Co3";4;4;4
"aug";"str";"crazy";"Co3";4;4;4
"dec";"str";"crazy";"Co3";4;4;4
"feb";"str";"crazy";"Co3";4;4;4
"jan";"str";"crazy";"Co3";4;4;4
"jul";"str";"crazy";"Co3";4;4;4
"jun";"str";"crazy";"Co3";4;4;4
"mar";"str";"crazy";"Co3";4;4;4
"may";"str";"crazy";"Co3";4;4;4
"nov";"str";"crazy";"Co3";4;4;4
"oct";"str";"crazy";"Co3";4;4;4
"sep";"str";"crazy";"Co3";4;4;4
"apr";"tr";"crazy";"Co3";4;4;4
"aug";"tr";"crazy";"Co3";4;4;4
"dec";"tr";"crazy";"Co3";4;4;4
"feb";"tr";"crazy";"Co3";4;4;4
"jan";"tr";"crazy";"Co3";4;4;4
"jul";"tr";"crazy";"Co3";4;4;4
"jun";"tr";"crazy";"Co3";4;4;4
"mar";"tr";"crazy";"Co3";4;4;4
"may";"tr";"crazy";"Co3";4;4;4
"nov";"tr";"crazy";"Co3";4;4;4
"oct";"tr";"crazy";"Co3";4;4;4
"sep";"tr";"crazy";"Co3";4;4;4
"apr";"hd";"month";"Co3";4;4;4
"aug";"hd";"month";"Co3";4;4;4
"dec";"hd";"month";"Co3";4;4;4
"feb";"hd";"month";"Co3";4;4;4
"jan";"hd";"month";"Co3";4;4;4
"jul";"hd";"month";"Co3";4;4;4
"jun";"hd";"month";"Co3";4;4;4
"mar";"hd";"month";"Co3";4;4;4
"may";"hd";"month";"Co3";4;4;4
"nov";"hd";"month";"Co3";4;4;4
"oct";"hd";"month";"Co3";4;4;4
"sep";"hd";"month";"Co3";4;4;4
"apr";"str";"month";"Co3";4;4;4
"aug";"str";"month";"Co3";4;4;4
"dec";"str";"month";"Co3";4;4;4
"feb";"str";"month";"Co3";4;4;4
"jan";"str";"month";"Co3";3;3;3
"jul";"str";"month";"Co3";4;4;4
"jun";"str";"month";"Co3";4;4;4
"mar";"str";"month";"Co3";4;4;4
"may";"str";"month";"Co3";4;4;4
"nov";"str";"month";"Co3";4;4;4
"oct";"str";"month";"Co3";4;4;4
"sep";"str";"month";"Co3";4;4;4
"apr";"tr";"month";"Co3";4;4;4
"aug";"tr";"month";"Co3";4;4;4
"dec";"tr";"month";"Co3";4;4;4
"feb";"tr";"month";"Co3";4;4;4
"jan";"tr";"month";"Co3";4;4;4
"jul";"tr";"month";"Co3";4;4;4
"jun";"tr";"month";"Co3";4;4;4
"mar";"tr";"month";"Co3";4;4;4
"may";"tr";"month";"Co3";4;4;4
"nov";"tr";"month";"Co3";4;4;4
"oct";"tr";"month";"Co3";4;4;4
"sep";"tr";"month";"Co3";4;4;4
"apr";"hd";"crazy";"Co4";4;4;4
"aug";"hd";"crazy";"Co4";4;4;4
"dec";"hd";"crazy";"Co4";4;4;4
"feb";"hd";"crazy";"Co4";4;4;4
"jan";"hd";"crazy";"Co4";4;4;4
"jul";"hd";"crazy";"Co4";4;4;4
"jun";"hd";"crazy";"Co4";4;4;4
"mar";"hd";"crazy";"Co4";4;4;4
"may";"hd";"crazy";"Co4";4;4;4
"nov";"hd";"crazy";"Co4";4;4;4
"oct";"hd";"crazy";"Co4";4;4;4
"sep";"hd";"crazy";"Co4";4;4;4
"apr";"str";"crazy";"Co4";4;4;4
"aug";"str";"crazy";"Co4";4;4;4
"dec";"str";"crazy";"Co4";4;4;4
"feb";"str";"crazy";"Co4";4;4;4
"jan";"str";"crazy";"Co4";4;4;4
"jul";"str";"crazy";"Co4";4;4;4
"jun";"str";"crazy";"Co4";4;4;4
"mar";"str";"crazy";"Co4";4;4;4
"may";"str";"crazy";"Co4";4;4;4
"nov";"str";"crazy";"Co4";4;4;4
"oct";"str";"crazy";"Co4";4;4;4
"sep";"str";"crazy";"Co4";4;4;4
"apr";"tr";"crazy";"Co4";4;4;4
"aug";"tr";"crazy";"Co4";4;4;4
"dec";"tr";"crazy";"Co4";4;4;4
"feb";"tr";"crazy";"Co4";4;4;4
"jan";"tr";"crazy";"Co4";4;4;4
"jul";"tr";"crazy";"Co4";4;4;4
"jun";"tr";"crazy";"Co4";4;4;4
"mar";"tr";"crazy";"Co4";4;4;4
"may";"tr";"crazy";"Co4";4;4;4
"nov";"tr";"crazy";"Co4";4;4;4
"oct";"tr";"crazy";"Co4";4;4;4
"sep";"tr";"crazy";"Co4";4;4;4
"apr";"hd";"month";"Co4";4;4;4
"aug";"hd";"month";"Co4";4;4;4
"dec";"hd";"month";"Co4";4;4;4
"feb";"hd";"month";"Co4";4;4;4
"jan";"hd";"month";"Co4";4;4;4
"jul";"hd";"month";"Co4";4;4;4
"jun";"hd";"month";"Co4";4;4;4
"mar";"hd";"month";"Co4";4;4;4
"may";"hd";"month";"Co4";4;4;4
"nov";"hd";"month";"Co4";4;4;4
"oct";"hd";"month";"Co4";4;4;4
"sep";"hd";"month";"Co4";4;4;4
"apr";"str";"month";"Co4";4;4;4
"aug";"str";"month";"Co4";4;4;4
"dec";"str";"month";"Co4";4;4;4
"feb";"str";"month";"Co4";4;4;4
"jan";"str";"month";"Co4";4;4;4
"jul";"str";"month";"Co4";4;4;4
"jun";"str";"month";"Co4";4;4;4
"mar";"str";"month";"Co4";4;4;4
"may";"str";"month";"Co4";4;4;4
"nov";"str";"month";"Co4";4;4;4
"oct";"str";"month";"Co4";4;4;4
"sep";"str";"month";"Co4";4;4;4
"apr";"tr";"month";"Co4";4;4;4
"aug";"tr";"month";"Co4";4;4;4
"dec";"tr";"month";"Co4";4;4;4
"feb";"tr";"month";"Co4";4;4;4
"jan";"tr";"month";"Co4";4;4;4
"jul";"tr";"month";"Co4";4;4;4
"jun";"tr";"month";"Co4";4;4;4
"mar";"tr";"month";"Co4";3;3;3
"may";"tr";"month";"Co4";4;4;4
"nov";"tr";"month";"Co4";4;4;4
"oct";"tr";"month";"Co4";4;4;4
"sep";"tr";"month";"Co4";4;4;4
"apr";"hd";"crazy";"Co5";4;4;4
"aug";"hd";"crazy";"Co5";4;4;4
"dec";"hd";"crazy";"Co5";4;4;4
"feb";"hd";"crazy";"Co5";4;4;4
"jan";"hd";"crazy";"Co5";4;4;4
"jul";"hd";"crazy";"Co5";4;4;4
"jun";"hd";"crazy";"Co5";4;4;4
"mar";"hd";"crazy";"Co5";4;4;4
"may";"hd";"crazy";"Co5";4;4;4
"nov";"hd";"crazy";"Co5";4;4;4
"oct";"hd";"crazy";"Co5";4;4;4
"sep";"hd";"crazy";"Co5";4;4;4
"apr";"str";"crazy";"Co5";4;4;4
"aug";"str";"crazy";"Co5";4;4;4
"dec";"str";"crazy";"Co5";4;4;4
"feb";"str";"crazy";"Co5";4;4;4
"jan";"str";"crazy";"Co5";4;4;4
"jul";"str";"crazy";"Co5";4;4;4
"jun";"str";"crazy";"Co5";4;4;4
"mar";"str";"crazy";"Co5";4;4;4
"may";"str";"crazy";"Co5";4;4;4
"nov";"str";"crazy";"Co5";4;4;4
"oct";"str";"crazy";"Co5";4;4;4
"sep";"str";"crazy";"Co5";4;4;4
"apr";"tr";"crazy";"Co5";4;4;4
"aug";"tr";"crazy";"Co5";4;4;4
"dec";"tr";"crazy";"Co5";4;4;4
"feb";"tr";"crazy";"Co5";4;4;4
"jan";"tr";"crazy";"Co5";4;4;4
"jul";"tr";"crazy";"Co5";4;4;4
"jun";"tr";"crazy";"Co5";4;4;4
"mar";"tr";"crazy";"Co5";4;4;4
"may";"tr";"crazy";"Co5";4;4;4
"nov";"tr";"crazy";"Co5";4;4;4
"oct";"tr";"crazy";"Co5";4;4;4
"sep";"tr";"crazy";"Co5";4;4;4
"apr";"hd";"month";"Co5";4;4;4
"aug";"hd";"month";"Co5";4;4;4
"dec";"hd";"month";"Co5";4;4;4
"feb";"hd";"month";"Co5";4;4;4
"jan";"hd";"month";"Co5";4;4;4
"jul";"hd";"month";"Co5";4;4;4
"jun";"hd";"month";"Co5";4;4;4
"mar";"hd";"month";"Co5";4;4;4
"may";"hd";"month";"Co5";4;4;4
"nov";"hd";"month";"Co5";4;4;4
"oct";"hd";"month";"Co5";4;4;4
"sep";"hd";"month";"Co5";4;4;4
"apr";"str";"month";"Co5";4;4;4
"aug";"str";"month";"Co5";4;4;4
"dec";"str";"month";"Co5";4;4;4
"feb";"str";"month";"Co5";4;4;4
"jan";"str";"month";"Co5";4;4;4
"jul";"str";"month";"Co5";4;4;4
"jun";"str";"month";"Co5";4;4;4
"mar";"str";"month";"Co5";4;4;4
"may";"str";"month";"Co5";4;4;4
"nov";"str";"month";"Co5";4;4;4
"oct";"str";"month";"Co5";4;4;4
"sep";"str";"month";"Co5";4;4;4
"apr";"tr";"month";"Co5";4;4;4
"aug";"tr";"month";"Co5";4;4;4
"dec";"tr";"month";"Co5";4;4;4
"feb";"tr";"month";"Co5";4;4;4
"jan";"tr";"month";"Co5";4;4;4
"jul";"tr";"month";"Co5";3;3;3
"jun";"tr";"month";"Co5";4;4;4
"mar";"tr";"month";"Co5";4;4;4
"may";"tr";"month";"Co5";3;3;3
"nov";"tr";"month";"Co5";4;4;4
"oct";"tr";"month";"Co5";4;4;4
"sep";"tr";"month";"Co5";4;4;4
"apr";"hd";"crazy";"Co6";4;4;4
"aug";"hd";"crazy";"Co6";4;4;4
"dec";"hd";"crazy";"Co6";4;4;4
"feb";"hd";"crazy";"Co6";4;4;4
"jan";"hd";"crazy";"Co6";4;4;4
"jul";"hd";"crazy";"Co6";4;4;4
"jun";"hd";"crazy";"Co6";4;4;4
"mar";"hd";"crazy";"Co6";4;4;4
"may";"hd";"crazy";"Co6";4;4;4
"nov";"hd";"crazy";"Co6";4;4;4
"oct";"hd";"crazy";"Co6";4;4;4
"sep";"hd";"crazy";"Co6";3;3;3
"apr";"str";"crazy";"Co6";4;4;4
"aug";"str";"crazy";"Co6";4;4;4
"dec";"str";"crazy";"Co6";4;4;4
"feb";"str";"crazy";"Co6";4;4;4
"jan";"str";"crazy";"Co6";4;4;4
"jul";"str";"crazy";"Co6";4;4;4
"jun";"str";"crazy";"Co6";4;4;4
"mar";"str";"crazy";"Co6";4;4;4
"may";"str";"crazy";"Co6";4;4;4
"nov";"str";"crazy";"Co6";4;4;4
"oct";"str";"crazy";"Co6";4;4;4
"sep";"str";"crazy";"Co6";4;4;4
"apr";"tr";"crazy";"Co6";4;4;4
"aug";"tr";"crazy";"Co6";4;4;4
"dec";"tr";"crazy";"Co6";4;4;4
"feb";"tr";"crazy";"Co6";4;4;4
"jan";"tr";"crazy";"Co6";4;4;4
"jul";"tr";"crazy";"Co6";4;4;4
"jun";"tr";"crazy";"Co6";4;4;4
"mar";"tr";"crazy";"Co6";4;4;4
"may";"tr";"crazy";"Co6";4;4;4
"nov";"tr";"crazy";"Co6";4;4;4
"oct";"tr";"crazy";"Co6";4;4;4
"sep";"tr";"crazy";"Co6";4;4;4
"apr";"hd";"month";"Co6";4;4;4
"aug";"hd";"month";"Co6";4;4;4
"dec";"hd";"month";"Co6";4;4;4
"feb";"hd";"month";"Co6";4;4;4
"jan";"hd";"month";"Co6";4;4;4
"jul";"hd";"month";"Co6";4;4;4
"jun";"hd";"month";"Co6";4;4;4
"mar";"hd";"month";"Co6";4;4;4
"may";"hd";"month";"Co6";4;4;4
"nov";"hd";"month";"Co6";4;4;4
"oct";"hd";"month";"Co6";4;4;4
"sep";"hd";"month";"Co6";4;4;4
"apr";"str";"month";"Co6";4;4;4
"aug";"str";"month";"Co6";2;2;2
"dec";"str";"month";"Co6";4;4;4
"feb";"str";"month";"Co6";3;3;3
"jan";"str";"month";"Co6";4;4;4
"jul";"str";"month";"Co6";4;4;4
"jun";"str";"month";"Co6";4;4;4
"mar";"str";"month";"Co6";4;4;4
"may";"str";"month";"Co6";4;4;4
"nov";"str";"month";"Co6";4;4;4
"oct";"str";"month";"Co6";4;4;4
"sep";"str";"month";"Co6";4;4;4
"apr";"tr";"month";"Co6";2;2;2
"aug";"tr";"month";"Co6";4;4;4
"dec";"tr";"month";"Co6";4;4;4
"feb";"tr";"month";"Co6";3;3;3
"jan";"tr";"month";"Co6";4;4;4
"jul";"tr";"month";"Co6";4;4;4
"jun";"tr";"month";"Co6";4;4;4
"mar";"tr";"month";"Co6";4;4;4
"may";"tr";"month";"Co6";4;4;4
"nov";"tr";"month";"Co6";4;4;4
"oct";"tr";"month";"Co6";3;3;3
"sep";"tr";"month";"Co6";4;4;4
"apr";"hd";"crazy";"Co7";4;4;4
"aug";"hd";"crazy";"Co7";4;4;4
"dec";"hd";"crazy";"Co7";4;4;4
"feb";"hd";"crazy";"Co7";4;4;4
"jan";"hd";"crazy";"Co7";4;4;4
"jul";"hd";"crazy";"Co7";4;4;4
"jun";"hd";"crazy";"Co7";4;4;4
"mar";"hd";"crazy";"Co7";4;4;4
"may";"hd";"crazy";"Co7";4;4;4
"nov";"hd";"crazy";"Co7";4;4;4
"oct";"hd";"crazy";"Co7";4;4;4
"sep";"hd";"crazy";"Co7";4;4;4
"apr";"str";"crazy";"Co7";4;4;4
"aug";"str";"crazy";"Co7";4;4;4
"dec";"str";"crazy";"Co7";4;4;4
"feb";"str";"crazy";"Co7";4;4;4
"jan";"str";"crazy";"Co7";4;4;4
"jul";"str";"crazy";"Co7";4;4;4
"jun";"str";"crazy";"Co7";4;4;4
"mar";"str";"crazy";"Co7";4;4;4
"may";"str";"crazy";"Co7";4;4;4
"nov";"str";"crazy";"Co7";4;4;4
"oct";"str";"crazy";"Co7";4;4;4
"sep";"str";"crazy";"Co7";4;4;4
"apr";"tr";"crazy";"Co7";4;4;4
"aug";"tr";"crazy";"Co7";4;4;4
"dec";"tr";"crazy";"Co7";4;4;4
"feb";"tr";"crazy";"Co7";4;4;4
"jan";"tr";"crazy";"Co7";4;4;4
"jul";"tr";"crazy";"Co7";4;4;4
"jun";"tr";"crazy";"Co7";4;4;4
"mar";"tr";"crazy";"Co7";4;4;4
"may";"tr";"crazy";"Co7";4;4;4
"nov";"tr";"crazy";"Co7";4;4;4
"oct";"tr";"crazy";"Co7";4;4;4
"sep";"tr";"crazy";"Co7";4;4;4
"apr";"hd";"month";"Co7";4;4;4
"aug";"hd";"month";"Co7";4;4;4
"dec";"hd";"month";"Co7";4;4;4
"feb";"hd";"month";"Co7";4;4;4
"jan";"hd";"month";"Co7";4;4;4
"jul";"hd";"month";"Co7";4;4;4
"jun";"hd";"month";"Co7";4;4;4
"mar";"hd";"month";"Co7";4;4;4
"may";"hd";"month";"Co7";4;4;4
"nov";"hd";"month";"Co7";4;4;4
"oct";"hd";"month";"Co7";4;4;4
"sep";"hd";"month";"Co7";4;4;4
"apr";"str";"month";"Co7";4;4;4
"aug";"str";"month";"Co7";4;4;4
"dec";"str";"month";"Co7";4;4;4
"feb";"str";"month";"Co7";4;4;4
"jan";"str";"month";"Co7";4;4;4
"jul";"str";"month";"Co7";4;4;4
"jun";"str";"month";"Co7";4;4;4
"mar";"str";"month";"Co7";4;4;4
"may";"str";"month";"Co7";4;4;4
"nov";"str";"month";"Co7";4;4;4
"oct";"str";"month";"Co7";4;4;4
"sep";"str";"month";"Co7";4;4;4
"apr";"tr";"month";"Co7";3;3;3
"aug";"tr";"month";"Co7";4;4;4
"dec";"tr";"month";"Co7";4;4;4
"feb";"tr";"month";"Co7";4;4;4
"jan";"tr";"month";"Co7";4;4;4
"jul";"tr";"month";"Co7";4;4;4
"jun";"tr";"month";"Co7";4;4;4
"mar";"tr";"month";"Co7";3;3;3
"may";"tr";"month";"Co7";4;4;4
"nov";"tr";"month";"Co7";4;4;4
"oct";"tr";"month";"Co7";4;4;4
"sep";"tr";"month";"Co7";4;4;4
"apr";"hd";"crazy";"Co8";4;4;4
"aug";"hd";"crazy";"Co8";4;4;4
"dec";"hd";"crazy";"Co8";4;4;4
"feb";"hd";"crazy";"Co8";4;4;4
"jan";"hd";"crazy";"Co8";4;4;4
"jul";"hd";"crazy";"Co8";4;4;4
"jun";"hd";"crazy";"Co8";4;4;4
"mar";"hd";"crazy";"Co8";4;4;4
"may";"hd";"crazy";"Co8";4;4;4
"nov";"hd";"crazy";"Co8";4;4;4
"oct";"hd";"crazy";"Co8";2;2;2
"sep";"hd";"crazy";"Co8";4;4;4
"apr";"str";"crazy";"Co8";4;4;4
"aug";"str";"crazy";"Co8";4;4;4
"dec";"str";"crazy";"Co8";4;4;4
"feb";"str";"crazy";"Co8";4;4;4
"jan";"str";"crazy";"Co8";4;4;4
"jul";"str";"crazy";"Co8";4;4;4
"jun";"str";"crazy";"Co8";4;4;4
"mar";"str";"crazy";"Co8";4;4;4
"may";"str";"crazy";"Co8";4;4;4
"nov";"str";"crazy";"Co8";4;4;4
"oct";"str";"crazy";"Co8";4;4;4
"sep";"str";"crazy";"Co8";4;4;4
"apr";"tr";"crazy";"Co8";4;4;4
"aug";"tr";"crazy";"Co8";4;4;4
"dec";"tr";"crazy";"Co8";4;4;4
"feb";"tr";"crazy";"Co8";4;4;4
"jan";"tr";"crazy";"Co8";4;4;4
"jul";"tr";"crazy";"Co8";4;4;4
"jun";"tr";"crazy";"Co8";4;4;4
"mar";"tr";"crazy";"Co8";4;4;4
"may";"tr";"crazy";"Co8";4;4;4
"nov";"tr";"crazy";"Co8";4;4;4
"oct";"tr";"crazy";"Co8";4;4;4
"sep";"tr";"crazy";"Co8";4;4;4
"apr";"hd";"month";"Co8";4;4;4
"aug";"hd";"month";"Co8";4;4;4
"dec";"hd";"month";"Co8";3;3;3
"feb";"hd";"month";"Co8";3;3;3
"jan";"hd";"month";"Co8";4;4;4
"jul";"hd";"month";"Co8";4;4;4
"jun";"hd";"month";"Co8";4;4;4
"mar";"hd";"month";"Co8";3;3;3
"may";"hd";"month";"Co8";3;3;3
"nov";"hd";"month";"Co8";3;3;3
"oct";"hd";"month";"Co8";3;3;3
"sep";"hd";"month";"Co8";4;4;4
"apr";"str";"month";"Co8";4;4;4
"aug";"str";"month";"Co8";4;4;4
"dec";"str";"month";"Co8";3;3;3
"feb";"str";"month";"Co8";4;4;4
"jan";"str";"month";"Co8";4;4;4
"jul";"str";"month";"Co8";4;4;4
"jun";"str";"month";"Co8";4;4;4
"mar";"str";"month";"Co8";3;3;3
"may";"str";"month";"Co8";4;4;4
"nov";"str";"month";"Co8";4;4;4
"oct";"str";"month";"Co8";3;3;3
"sep";"str";"month";"Co8";4;4;4
"apr";"tr";"month";"Co8";4;4;4
"aug";"tr";"month";"Co8";3;3;3
"dec";"tr";"month";"Co8";4;4;4
"feb";"tr";"month";"Co8";4;4;4
"jan";"tr";"month";"Co8";4;4;4
"jul";"tr";"month";"Co8";4;4;4
"jun";"tr";"month";"Co8";4;4;4
"mar";"tr";"month";"Co8";4;4;4
"may";"tr";"month";"Co8";4;4;4
"nov";"tr";"month";"Co8";4;4;4
"oct";"tr";"month";"Co8";4;4;4
"sep";"tr";"month";"Co8";3;3;3
"apr";"hd";"crazy";"Co9";4;4;4
"aug";"hd";"crazy";"Co9";4;4;4
"dec";"hd";"crazy";"Co9";4;4;4
"feb";"hd";"crazy";"Co9";4;4;4
"jan";"hd";"crazy";"Co9";4;4;4
"jul";"hd";"crazy";"Co9";4;4;4
"jun";"hd";"crazy";"Co9";4;4;4
"mar";"hd";"crazy";"Co9";4;4;4
"may";"hd";"crazy";"Co9";4;4;4
"nov";"hd";"crazy";"Co9";4;4;4
"oct";"hd";"crazy";"Co9";4;4;4
"sep";"hd";"crazy";"Co9";4;4;4
"apr";"str";"crazy";"Co9";4;4;4
"aug";"str";"crazy";"Co9";4;4;4
"dec";"str";"crazy";"Co9";4;4;4
"feb";"str";"crazy";"Co9";4;4;4
"jan";"str";"crazy";"Co9";4;4;4
"jul";"str";"crazy";"Co9";4;4;4
"jun";"str";"crazy";"Co9";4;4;4
"mar";"str";"crazy";"Co9";4;4;4
"may";"str";"crazy";"Co9";4;4;4
"nov";"str";"crazy";"Co9";4;4;4
"oct";"str";"crazy";"Co9";4;4;4
"sep";"str";"crazy";"Co9";4;4;4
"apr";"tr";"crazy";"Co9";3;3;3
"aug";"tr";"crazy";"Co9";4;4;4
"dec";"tr";"crazy";"Co9";4;4;4
"feb";"tr";"crazy";"Co9";3;3;3
"jan";"tr";"crazy";"Co9";4;4;4
"jul";"tr";"crazy";"Co9";4;4;4
"jun";"tr";"crazy";"Co9";4;4;4
"mar";"tr";"crazy";"Co9";4;4;4
"may";"tr";"crazy";"Co9";4;4;4
"nov";"tr";"crazy";"Co9";4;4;4
"oct";"tr";"crazy";"Co9";4;4;4
"sep";"tr";"crazy";"Co9";4;4;4
"apr";"hd";"month";"Co9";4;4;4
"aug";"hd";"month";"Co9";4;4;4
"dec";"hd";"month";"Co9";4;4;4
"feb";"hd";"month";"Co9";4;4;4
"jan";"hd";"month";"Co9";4;4;4
"jul";"hd";"month";"Co9";4;4;4
"jun";"hd";"month";"Co9";4;4;4
"mar";"hd";"month";"Co9";4;4;4
"may";"hd";"month";"Co9";4;4;4
"nov";"hd";"month";"Co9";4;4;4
"oct";"hd";"month";"Co9";4;4;4
"sep";"hd";"month";"Co9";4;4;4
"apr";"str";"month";"Co9";4;4;4
"aug";"str";"month";"Co9";4;4;4
"dec";"str";"month";"Co9";4;4;4
"feb";"str";"month";"Co9";4;4;4
"jan";"str";"month";"Co9";4;4;4
"jul";"str";"month";"Co9";4;4;4
"jun";"str";"month";"Co9";4;4;4
"mar";"str";"month";"Co9";4;4;4
"may";"str";"month";"Co9";4;4;4
"nov";"str";"month";"Co9";4;4;4
"oct";"str";"month";"Co9";4;4;4
"sep";"str";"month";"Co9";4;4;4
"apr";"tr";"month";"Co9";4;4;4
"aug";"tr";"month";"Co9";4;4;4
"dec";"tr";"month";"Co9";4;4;4
"feb";"tr";"month";"Co9";4;4;4
"jan";"tr";"month";"Co9";4;4;4
"jul";"tr";"month";"Co9";4;4;4
"jun";"tr";"month";"Co9";4;4;4
"mar";"tr";"month";"Co9";4;4;4
"may";"tr";"month";"Co9";4;4;4
"nov";"tr";"month";"Co9";4;4;4
"oct";"tr";"month";"Co9";4;4;4
"sep";"tr";"month";"Co9";4;4;4
"apr";"hd";"crazy";"Sa1";4;4;4
"aug";"hd";"crazy";"Sa1";4;4;4
"dec";"hd";"crazy";"Sa1";4;4;4
"feb";"hd";"crazy";"Sa1";4;4;4
"jan";"hd";"crazy";"Sa1";4;4;4
"jul";"hd";"crazy";"Sa1";4;4;4
"jun";"hd";"crazy";"Sa1";4;4;4
"mar";"hd";"crazy";"Sa1";4;4;4
"may";"hd";"crazy";"Sa1";3;3;3
"nov";"hd";"crazy";"Sa1";4;4;4
"oct";"hd";"crazy";"Sa1";4;4;4
"sep";"hd";"crazy";"Sa1";4;4;4
"apr";"str";"crazy";"Sa1";4;4;4
"aug";"str";"crazy";"Sa1";4;4;4
"dec";"str";"crazy";"Sa1";4;4;4
"feb";"str";"crazy";"Sa1";4;4;4
"jan";"str";"crazy";"Sa1";4;4;4
"jul";"str";"crazy";"Sa1";4;4;4
"jun";"str";"crazy";"Sa1";4;4;4
"mar";"str";"crazy";"Sa1";4;4;4
"may";"str";"crazy";"Sa1";3;3;3
"nov";"str";"crazy";"Sa1";3;3;3
"oct";"str";"crazy";"Sa1";4;4;4
"sep";"str";"crazy";"Sa1";4;4;4
"apr";"tr";"crazy";"Sa1";4;4;4
"aug";"tr";"crazy";"Sa1";4;4;4
"dec";"tr";"crazy";"Sa1";4;4;4
"feb";"tr";"crazy";"Sa1";4;4;4
"jan";"tr";"crazy";"Sa1";4;4;4
"jul";"tr";"crazy";"Sa1";4;4;4
"jun";"tr";"crazy";"Sa1";4;4;4
"mar";"tr";"crazy";"Sa1";4;4;4
"may";"tr";"crazy";"Sa1";4;4;4
"nov";"tr";"crazy";"Sa1";3;3;3
"oct";"tr";"crazy";"Sa1";4;4;4
"sep";"tr";"crazy";"Sa1";4;4;4
"apr";"hd";"crazy";"Sa11";4;4;4
"aug";"hd";"crazy";"Sa11";4;4;4
"dec";"hd";"crazy";"Sa11";4;4;4
"feb";"hd";"crazy";"Sa11";4;4;4
"jan";"hd";"crazy";"Sa11";4;4;4
"jul";"hd";"crazy";"Sa11";4;4;4
"jun";"hd";"crazy";"Sa11";4;4;4
"mar";"hd";"crazy";"Sa11";4;4;4
"may";"hd";"crazy";"Sa11";4;4;4
"nov";"hd";"crazy";"Sa11";4;4;4
"oct";"hd";"crazy";"Sa11";4;4;4
"sep";"hd";"crazy";"Sa11";4;4;4
"apr";"str";"crazy";"Sa11";4;4;4
"aug";"str";"crazy";"Sa11";4;4;4
"dec";"str";"crazy";"Sa11";4;4;4
"feb";"str";"crazy";"Sa11";4;4;4
"jan";"str";"crazy";"Sa11";4;4;4
"jul";"str";"crazy";"Sa11";4;4;4
"jun";"str";"crazy";"Sa11";4;4;4
"mar";"str";"crazy";"Sa11";4;4;4
"may";"str";"crazy";"Sa11";4;4;4
"nov";"str";"crazy";"Sa11";4;4;4
"oct";"str";"crazy";"Sa11";4;4;4
"sep";"str";"crazy";"Sa11";4;4;4
"apr";"tr";"crazy";"Sa11";4;4;4
"aug";"tr";"crazy";"Sa11";4;4;4
"dec";"tr";"crazy";"Sa11";4;4;4
"feb";"tr";"crazy";"Sa11";4;4;4
"jan";"tr";"crazy";"Sa11";4;4;4
"jul";"tr";"crazy";"Sa11";4;4;4
"jun";"tr";"crazy";"Sa11";4;4;4
"mar";"tr";"crazy";"Sa11";4;4;4
"may";"tr";"crazy";"Sa11";4;4;4
"nov";"tr";"crazy";"Sa11";3;3;3
"oct";"tr";"crazy";"Sa11";4;4;4
"sep";"tr";"crazy";"Sa11";4;4;4
"apr";"hd";"month";"Sa11";4;4;4
"aug";"hd";"month";"Sa11";4;4;4
"dec";"hd";"month";"Sa11";4;4;4
"feb";"hd";"month";"Sa11";4;4;4
"jan";"hd";"month";"Sa11";4;4;4
"jul";"hd";"month";"Sa11";4;4;4
"jun";"hd";"month";"Sa11";4;4;4
"mar";"hd";"month";"Sa11";4;4;4
"may";"hd";"month";"Sa11";4;4;4
"nov";"hd";"month";"Sa11";4;4;4
"oct";"hd";"month";"Sa11";4;4;4
"sep";"hd";"month";"Sa11";4;4;4
"apr";"str";"month";"Sa11";4;4;4
"aug";"str";"month";"Sa11";4;4;4
"dec";"str";"month";"Sa11";4;4;4
"feb";"str";"month";"Sa11";4;4;4
"jan";"str";"month";"Sa11";4;4;4
"jul";"str";"month";"Sa11";4;4;4
"jun";"str";"month";"Sa11";4;4;4
"mar";"str";"month";"Sa11";4;4;4
"may";"str";"month";"Sa11";4;4;4
"nov";"str";"month";"Sa11";4;4;4
"oct";"str";"month";"Sa11";4;4;4
"sep";"str";"month";"Sa11";4;4;4
"apr";"tr";"month";"Sa11";4;4;4
"aug";"tr";"month";"Sa11";4;4;4
"dec";"tr";"month";"Sa11";4;4;4
"feb";"tr";"month";"Sa11";4;4;4
"jan";"tr";"month";"Sa11";4;4;4
"jul";"tr";"month";"Sa11";4;4;4
"jun";"tr";"month";"Sa11";4;4;4
"mar";"tr";"month";"Sa11";4;4;4
"may";"tr";"month";"Sa11";4;4;4
"nov";"tr";"month";"Sa11";4;4;4
"oct";"tr";"month";"Sa11";4;4;4
"sep";"tr";"month";"Sa11";4;4;4
"apr";"hd";"crazy";"Sa13";4;4;4
"aug";"hd";"crazy";"Sa13";4;4;4
"dec";"hd";"crazy";"Sa13";4;4;4
"feb";"hd";"crazy";"Sa13";4;4;4
"jan";"hd";"crazy";"Sa13";4;4;4
"jul";"hd";"crazy";"Sa13";4;4;4
"jun";"hd";"crazy";"Sa13";4;4;4
"mar";"hd";"crazy";"Sa13";4;4;4
"may";"hd";"crazy";"Sa13";4;4;4
"nov";"hd";"crazy";"Sa13";4;4;4
"oct";"hd";"crazy";"Sa13";4;4;4
"sep";"hd";"crazy";"Sa13";4;4;4
"apr";"str";"crazy";"Sa13";4;4;4
"aug";"str";"crazy";"Sa13";4;4;4
"dec";"str";"crazy";"Sa13";3;3;3
"feb";"str";"crazy";"Sa13";4;4;4
"jan";"str";"crazy";"Sa13";4;4;4
"jul";"str";"crazy";"Sa13";4;4;4
"jun";"str";"crazy";"Sa13";3;3;3
"mar";"str";"crazy";"Sa13";4;4;4
"may";"str";"crazy";"Sa13";3;3;3
"nov";"str";"crazy";"Sa13";3;3;3
"oct";"str";"crazy";"Sa13";4;4;4
"sep";"str";"crazy";"Sa13";4;4;4
"apr";"tr";"crazy";"Sa13";4;4;4
"aug";"tr";"crazy";"Sa13";4;4;4
"dec";"tr";"crazy";"Sa13";4;4;4
"feb";"tr";"crazy";"Sa13";4;4;4
"jan";"tr";"crazy";"Sa13";4;4;4
"jul";"tr";"crazy";"Sa13";4;4;4
"jun";"tr";"crazy";"Sa13";4;4;4
"mar";"tr";"crazy";"Sa13";4;4;4
"may";"tr";"crazy";"Sa13";3;3;3
"nov";"tr";"crazy";"Sa13";4;4;4
"oct";"tr";"crazy";"Sa13";4;4;4
"sep";"tr";"crazy";"Sa13";4;4;4
"apr";"hd";"month";"Sa14";4;4;4
"aug";"hd";"month";"Sa14";4;4;4
"dec";"hd";"month";"Sa14";4;4;4
"feb";"hd";"month";"Sa14";4;4;4
"jan";"hd";"month";"Sa14";4;4;4
"jul";"hd";"month";"Sa14";3;3;3
"jun";"hd";"month";"Sa14";4;4;4
"mar";"hd";"month";"Sa14";4;4;4
"may";"hd";"month";"Sa14";4;4;4
"nov";"hd";"month";"Sa14";4;4;4
"oct";"hd";"month";"Sa14";4;4;4
"sep";"hd";"month";"Sa14";4;4;4
"apr";"str";"month";"Sa14";4;4;4
"aug";"str";"month";"Sa14";4;4;4
"dec";"str";"month";"Sa14";4;4;4
"feb";"str";"month";"Sa14";4;4;4
"jan";"str";"month";"Sa14";4;4;4
"jul";"str";"month";"Sa14";4;4;4
"jun";"str";"month";"Sa14";4;4;4
"mar";"str";"month";"Sa14";4;4;4
"may";"str";"month";"Sa14";4;4;4
"nov";"str";"month";"Sa14";4;4;4
"oct";"str";"month";"Sa14";4;4;4
"sep";"str";"month";"Sa14";4;4;4
"apr";"tr";"month";"Sa14";4;4;4
"aug";"tr";"month";"Sa14";4;4;4
"dec";"tr";"month";"Sa14";4;4;4
"feb";"tr";"month";"Sa14";4;4;4
"jan";"tr";"month";"Sa14";4;4;4
"jul";"tr";"month";"Sa14";4;4;4
"jun";"tr";"month";"Sa14";4;4;4
"mar";"tr";"month";"Sa14";4;4;4
"may";"tr";"month";"Sa14";3;3;3
"nov";"tr";"month";"Sa14";4;4;4
"oct";"tr";"month";"Sa14";4;4;4
"sep";"tr";"month";"Sa14";4;4;4
"apr";"hd";"crazy";"Sa20";4;4;4
"aug";"hd";"crazy";"Sa20";4;4;4
"dec";"hd";"crazy";"Sa20";4;4;4
"feb";"hd";"crazy";"Sa20";4;4;4
"jan";"hd";"crazy";"Sa20";4;4;4
"jul";"hd";"crazy";"Sa20";4;4;4
"jun";"hd";"crazy";"Sa20";4;4;4
"mar";"hd";"crazy";"Sa20";4;4;4
"may";"hd";"crazy";"Sa20";4;4;4
"nov";"hd";"crazy";"Sa20";4;4;4
"oct";"hd";"crazy";"Sa20";4;4;4
"sep";"hd";"crazy";"Sa20";4;4;4
"apr";"str";"crazy";"Sa20";4;4;4
"aug";"str";"crazy";"Sa20";4;4;4
"dec";"str";"crazy";"Sa20";4;4;4
"feb";"str";"crazy";"Sa20";4;4;4
"jan";"str";"crazy";"Sa20";4;4;4
"jul";"str";"crazy";"Sa20";4;4;4
"jun";"str";"crazy";"Sa20";4;4;4
"mar";"str";"crazy";"Sa20";4;4;4
"may";"str";"crazy";"Sa20";4;4;4
"nov";"str";"crazy";"Sa20";4;4;4
"oct";"str";"crazy";"Sa20";4;4;4
"sep";"str";"crazy";"Sa20";4;4;4
"apr";"tr";"crazy";"Sa20";4;4;4
"aug";"tr";"crazy";"Sa20";4;4;4
"dec";"tr";"crazy";"Sa20";4;4;4
"feb";"tr";"crazy";"Sa20";4;4;4
"jan";"tr";"crazy";"Sa20";4;4;4
"jul";"tr";"crazy";"Sa20";4;4;4
"jun";"tr";"crazy";"Sa20";4;4;4
"mar";"tr";"crazy";"Sa20";4;4;4
"may";"tr";"crazy";"Sa20";4;4;4
"nov";"tr";"crazy";"Sa20";4;4;4
"oct";"tr";"crazy";"Sa20";4;4;4
"sep";"tr";"crazy";"Sa20";4;4;4
"apr";"hd";"month";"Sa20";4;4;4
"aug";"hd";"month";"Sa20";4;4;4
"dec";"hd";"month";"Sa20";4;4;4
"feb";"hd";"month";"Sa20";4;4;4
"jan";"hd";"month";"Sa20";4;4;4
"jul";"hd";"month";"Sa20";4;4;4
"jun";"hd";"month";"Sa20";4;4;4
"mar";"hd";"month";"Sa20";4;4;4
"may";"hd";"month";"Sa20";4;4;4
"nov";"hd";"month";"Sa20";4;4;4
"oct";"hd";"month";"Sa20";4;4;4
"sep";"hd";"month";"Sa20";4;4;4
"apr";"str";"month";"Sa20";4;4;4
"aug";"str";"month";"Sa20";4;4;4
"dec";"str";"month";"Sa20";4;4;4
"feb";"str";"month";"Sa20";4;4;4
"jan";"str";"month";"Sa20";4;4;4
"jul";"str";"month";"Sa20";4;4;4
"jun";"str";"month";"Sa20";4;4;4
"mar";"str";"month";"Sa20";4;4;4
"may";"str";"month";"Sa20";4;4;4
"nov";"str";"month";"Sa20";4;4;4
"oct";"str";"month";"Sa20";4;4;4
"sep";"str";"month";"Sa20";4;4;4
"apr";"tr";"month";"Sa20";4;4;4
"aug";"tr";"month";"Sa20";4;4;4
"dec";"tr";"month";"Sa20";4;4;4
"feb";"tr";"month";"Sa20";4;4;4
"jan";"tr";"month";"Sa20";4;4;4
"jul";"tr";"month";"Sa20";4;4;4
"jun";"tr";"month";"Sa20";4;4;4
"mar";"tr";"month";"Sa20";4;4;4
"may";"tr";"month";"Sa20";4;4;4
"nov";"tr";"month";"Sa20";4;4;4
"oct";"tr";"month";"Sa20";4;4;4
"sep";"tr";"month";"Sa20";4;4;4
"apr";"hd";"crazy";"Sa21";4;4;4
"aug";"hd";"crazy";"Sa21";4;4;4
"dec";"hd";"crazy";"Sa21";4;4;4
"feb";"hd";"crazy";"Sa21";4;4;4
"jan";"hd";"crazy";"Sa21";4;4;4
"jul";"hd";"crazy";"Sa21";4;4;4
"jun";"hd";"crazy";"Sa21";4;4;4
"mar";"hd";"crazy";"Sa21";4;4;4
"may";"hd";"crazy";"Sa21";4;4;4
"nov";"hd";"crazy";"Sa21";4;4;4
"oct";"hd";"crazy";"Sa21";4;4;4
"sep";"hd";"crazy";"Sa21";4;4;4
"apr";"str";"crazy";"Sa21";4;4;4
"aug";"str";"crazy";"Sa21";4;4;4
"dec";"str";"crazy";"Sa21";4;4;4
"feb";"str";"crazy";"Sa21";4;4;4
"jan";"str";"crazy";"Sa21";4;4;4
"jul";"str";"crazy";"Sa21";4;4;4
"jun";"str";"crazy";"Sa21";4;4;4
"mar";"str";"crazy";"Sa21";4;4;4
"may";"str";"crazy";"Sa21";4;4;4
"nov";"str";"crazy";"Sa21";4;4;4
"oct";"str";"crazy";"Sa21";4;4;4
"sep";"str";"crazy";"Sa21";4;4;4
"apr";"tr";"crazy";"Sa21";4;4;4
"aug";"tr";"crazy";"Sa21";4;4;4
"dec";"tr";"crazy";"Sa21";4;4;4
"feb";"tr";"crazy";"Sa21";4;4;4
"jan";"tr";"crazy";"Sa21";4;4;4
"jul";"tr";"crazy";"Sa21";4;4;4
"jun";"tr";"crazy";"Sa21";4;4;4
"mar";"tr";"crazy";"Sa21";4;4;4
"may";"tr";"crazy";"Sa21";4;4;4
"nov";"tr";"crazy";"Sa21";4;4;4
"oct";"tr";"crazy";"Sa21";4;4;4
"sep";"tr";"crazy";"Sa21";4;4;4
"apr";"hd";"month";"Sa21";4;4;4
"aug";"hd";"month";"Sa21";4;4;4
"dec";"hd";"month";"Sa21";4;4;4
"feb";"hd";"month";"Sa21";4;4;4
"jan";"hd";"month";"Sa21";4;4;4
"jul";"hd";"month";"Sa21";4;4;4
"jun";"hd";"month";"Sa21";4;4;4
"mar";"hd";"month";"Sa21";4;4;4
"may";"hd";"month";"Sa21";4;4;4
"nov";"hd";"month";"Sa21";4;4;4
"oct";"hd";"month";"Sa21";4;4;4
"sep";"hd";"month";"Sa21";4;4;4
"apr";"str";"month";"Sa21";4;4;4
"aug";"str";"month";"Sa21";4;4;4
"dec";"str";"month";"Sa21";4;4;4
"feb";"str";"month";"Sa21";4;4;4
"jan";"str";"month";"Sa21";4;4;4
"jul";"str";"month";"Sa21";4;4;4
"jun";"str";"month";"Sa21";4;4;4
"mar";"str";"month";"Sa21";4;4;4
"may";"str";"month";"Sa21";4;4;4
"nov";"str";"month";"Sa21";4;4;4
"oct";"str";"month";"Sa21";4;4;4
"sep";"str";"month";"Sa21";4;4;4
"apr";"tr";"month";"Sa21";4;4;4
"aug";"tr";"month";"Sa21";4;4;4
"dec";"tr";"month";"Sa21";4;4;4
"feb";"tr";"month";"Sa21";4;4;4
"jan";"tr";"month";"Sa21";4;4;4
"jul";"tr";"month";"Sa21";4;4;4
"jun";"tr";"month";"Sa21";4;4;4
"mar";"tr";"month";"Sa21";4;4;4
"may";"tr";"month";"Sa21";4;4;4
"nov";"tr";"month";"Sa21";4;4;4
"oct";"tr";"month";"Sa21";4;4;4
"sep";"tr";"month";"Sa21";4;4;4
"apr";"hd";"crazy";"Sa22";3;3;3
"aug";"hd";"crazy";"Sa22";4;4;4
"dec";"hd";"crazy";"Sa22";4;4;4
"feb";"hd";"crazy";"Sa22";4;4;4
"jan";"hd";"crazy";"Sa22";4;4;4
"jul";"hd";"crazy";"Sa22";4;4;4
"jun";"hd";"crazy";"Sa22";4;4;4
"mar";"hd";"crazy";"Sa22";4;4;4
"may";"hd";"crazy";"Sa22";4;4;4
"nov";"hd";"crazy";"Sa22";4;4;4
"oct";"hd";"crazy";"Sa22";4;4;4
"sep";"hd";"crazy";"Sa22";4;4;4
"apr";"str";"crazy";"Sa22";4;4;4
"aug";"str";"crazy";"Sa22";4;4;4
"dec";"str";"crazy";"Sa22";3;3;3
"feb";"str";"crazy";"Sa22";4;4;4
"jan";"str";"crazy";"Sa22";4;4;4
"jul";"str";"crazy";"Sa22";4;4;4
"jun";"str";"crazy";"Sa22";4;4;4
"mar";"str";"crazy";"Sa22";4;4;4
"may";"str";"crazy";"Sa22";4;4;4
"nov";"str";"crazy";"Sa22";4;4;4
"oct";"str";"crazy";"Sa22";4;4;4
"sep";"str";"crazy";"Sa22";4;4;4
"apr";"tr";"crazy";"Sa22";3;3;3
"aug";"tr";"crazy";"Sa22";4;4;4
"dec";"tr";"crazy";"Sa22";4;4;4
"feb";"tr";"crazy";"Sa22";4;4;4
"jan";"tr";"crazy";"Sa22";4;4;4
"jul";"tr";"crazy";"Sa22";4;4;4
"jun";"tr";"crazy";"Sa22";4;4;4
"mar";"tr";"crazy";"Sa22";4;4;4
"may";"tr";"crazy";"Sa22";4;4;4
"nov";"tr";"crazy";"Sa22";4;4;4
"oct";"tr";"crazy";"Sa22";4;4;4
"sep";"tr";"crazy";"Sa22";4;4;4
"apr";"hd";"month";"Sa22";4;4;4
"aug";"hd";"month";"Sa22";4;4;4
"dec";"hd";"month";"Sa22";4;4;4
"feb";"hd";"month";"Sa22";4;4;4
"jan";"hd";"month";"Sa22";4;4;4
"jul";"hd";"month";"Sa22";4;4;4
"jun";"hd";"month";"Sa22";4;4;4
"mar";"hd";"month";"Sa22";4;4;4
"may";"hd";"month";"Sa22";4;4;4
"nov";"hd";"month";"Sa22";4;4;4
"oct";"hd";"month";"Sa22";4;4;4
"sep";"hd";"month";"Sa22";4;4;4
"apr";"str";"month";"Sa22";4;4;4
"aug";"str";"month";"Sa22";4;4;4
"dec";"str";"month";"Sa22";4;4;4
"feb";"str";"month";"Sa22";4;4;4
"jan";"str";"month";"Sa22";4;4;4
"jul";"str";"month";"Sa22";4;4;4
"jun";"str";"month";"Sa22";4;4;4
"mar";"str";"month";"Sa22";4;4;4
"may";"str";"month";"Sa22";4;4;4
"nov";"str";"month";"Sa22";4;4;4
"oct";"str";"month";"Sa22";4;4;4
"sep";"str";"month";"Sa22";3;3;3
"apr";"tr";"month";"Sa22";4;4;4
"aug";"tr";"month";"Sa22";4;4;4
"dec";"tr";"month";"Sa22";4;4;4
"feb";"tr";"month";"Sa22";4;4;4
"jan";"tr";"month";"Sa22";4;4;4
"jul";"tr";"month";"Sa22";4;4;4
"jun";"tr";"month";"Sa22";4;4;4
"mar";"tr";"month";"Sa22";4;4;4
"may";"tr";"month";"Sa22";4;4;4
"nov";"tr";"month";"Sa22";4;4;4
"oct";"tr";"month";"Sa22";4;4;4
"sep";"tr";"month";"Sa22";4;4;4
"apr";"hd";"crazy";"Sa23";4;4;4
"aug";"hd";"crazy";"Sa23";4;4;4
"dec";"hd";"crazy";"Sa23";4;4;4
"feb";"hd";"crazy";"Sa23";4;4;4
"jan";"hd";"crazy";"Sa23";4;4;4
"jul";"hd";"crazy";"Sa23";4;4;4
"jun";"hd";"crazy";"Sa23";4;4;4
"mar";"hd";"crazy";"Sa23";4;4;4
"may";"hd";"crazy";"Sa23";4;4;4
"nov";"hd";"crazy";"Sa23";4;4;4
"oct";"hd";"crazy";"Sa23";4;4;4
"sep";"hd";"crazy";"Sa23";4;4;4
"apr";"str";"crazy";"Sa23";4;4;4
"aug";"str";"crazy";"Sa23";4;4;4
"dec";"str";"crazy";"Sa23";4;4;4
"feb";"str";"crazy";"Sa23";4;4;4
"jan";"str";"crazy";"Sa23";4;4;4
"jul";"str";"crazy";"Sa23";4;4;4
"jun";"str";"crazy";"Sa23";4;4;4
"mar";"str";"crazy";"Sa23";4;4;4
"may";"str";"crazy";"Sa23";4;4;4
"nov";"str";"crazy";"Sa23";4;4;4
"oct";"str";"crazy";"Sa23";4;4;4
"sep";"str";"crazy";"Sa23";4;4;4
"apr";"tr";"crazy";"Sa23";4;4;4
"aug";"tr";"crazy";"Sa23";4;4;4
"dec";"tr";"crazy";"Sa23";4;4;4
"feb";"tr";"crazy";"Sa23";4;4;4
"jan";"tr";"crazy";"Sa23";4;4;4
"jul";"tr";"crazy";"Sa23";4;4;4
"jun";"tr";"crazy";"Sa23";4;4;4
"mar";"tr";"crazy";"Sa23";4;4;4
"may";"tr";"crazy";"Sa23";4;4;4
"nov";"tr";"crazy";"Sa23";4;4;4
"oct";"tr";"crazy";"Sa23";4;4;4
"sep";"tr";"crazy";"Sa23";4;4;4
"apr";"hd";"month";"Sa23";4;4;4
"aug";"hd";"month";"Sa23";4;4;4
"dec";"hd";"month";"Sa23";4;4;4
"feb";"hd";"month";"Sa23";4;4;4
"jan";"hd";"month";"Sa23";4;4;4
"jul";"hd";"month";"Sa23";4;4;4
"jun";"hd";"month";"Sa23";4;4;4
"mar";"hd";"month";"Sa23";4;4;4
"may";"hd";"month";"Sa23";4;4;4
"nov";"hd";"month";"Sa23";4;4;4
"oct";"hd";"month";"Sa23";4;4;4
"sep";"hd";"month";"Sa23";4;4;4
"apr";"str";"month";"Sa23";4;4;4
"aug";"str";"month";"Sa23";3;3;3
"dec";"str";"month";"Sa23";4;4;4
"feb";"str";"month";"Sa23";4;4;4
"jan";"str";"month";"Sa23";4;4;4
"jul";"str";"month";"Sa23";4;4;4
"jun";"str";"month";"Sa23";4;4;4
"mar";"str";"month";"Sa23";4;4;4
"may";"str";"month";"Sa23";4;4;4
"nov";"str";"month";"Sa23";4;4;4
"oct";"str";"month";"Sa23";3;3;3
"sep";"str";"month";"Sa23";3;3;3
"apr";"tr";"month";"Sa23";4;4;4
"aug";"tr";"month";"Sa23";4;4;4
"dec";"tr";"month";"Sa23";4;4;4
"feb";"tr";"month";"Sa23";4;4;4
"jan";"tr";"month";"Sa23";4;4;4
"jul";"tr";"month";"Sa23";4;4;4
"jun";"tr";"month";"Sa23";4;4;4
"mar";"tr";"month";"Sa23";4;4;4
"may";"tr";"month";"Sa23";4;4;4
"nov";"tr";"month";"Sa23";4;4;4
"oct";"tr";"month";"Sa23";4;4;4
"sep";"tr";"month";"Sa23";4;4;4
"apr";"hd";"crazy";"Sa24";4;4;4
"aug";"hd";"crazy";"Sa24";4;4;4
"dec";"hd";"crazy";"Sa24";4;4;4
"feb";"hd";"crazy";"Sa24";4;4;4
"jan";"hd";"crazy";"Sa24";4;4;4
"jul";"hd";"crazy";"Sa24";4;4;4
"jun";"hd";"crazy";"Sa24";4;4;4
"mar";"hd";"crazy";"Sa24";4;4;4
"may";"hd";"crazy";"Sa24";4;4;4
"nov";"hd";"crazy";"Sa24";4;4;4
"oct";"hd";"crazy";"Sa24";4;4;4
"sep";"hd";"crazy";"Sa24";4;4;4
"apr";"str";"crazy";"Sa24";4;4;4
"aug";"str";"crazy";"Sa24";4;4;4
"dec";"str";"crazy";"Sa24";4;4;4
"feb";"str";"crazy";"Sa24";4;4;4
"jan";"str";"crazy";"Sa24";4;4;4
"jul";"str";"crazy";"Sa24";4;4;4
"jun";"str";"crazy";"Sa24";4;4;4
"mar";"str";"crazy";"Sa24";4;4;4
"may";"str";"crazy";"Sa24";4;4;4
"nov";"str";"crazy";"Sa24";4;4;4
"oct";"str";"crazy";"Sa24";4;4;4
"sep";"str";"crazy";"Sa24";4;4;4
"apr";"tr";"crazy";"Sa24";4;4;4
"aug";"tr";"crazy";"Sa24";4;4;4
"dec";"tr";"crazy";"Sa24";4;4;4
"feb";"tr";"crazy";"Sa24";4;4;4
"jan";"tr";"crazy";"Sa24";4;4;4
"jul";"tr";"crazy";"Sa24";4;4;4
"jun";"tr";"crazy";"Sa24";4;4;4
"mar";"tr";"crazy";"Sa24";4;4;4
"may";"tr";"crazy";"Sa24";4;4;4
"nov";"tr";"crazy";"Sa24";4;4;4
"oct";"tr";"crazy";"Sa24";4;4;4
"sep";"tr";"crazy";"Sa24";4;4;4
"apr";"hd";"month";"Sa24";4;4;4
"aug";"hd";"month";"Sa24";4;4;4
"dec";"hd";"month";"Sa24";4;4;4
"feb";"hd";"month";"Sa24";4;4;4
"jan";"hd";"month";"Sa24";4;4;4
"jul";"hd";"month";"Sa24";4;4;4
"jun";"hd";"month";"Sa24";4;4;4
"mar";"hd";"month";"Sa24";4;4;4
"may";"hd";"month";"Sa24";4;4;4
"nov";"hd";"month";"Sa24";4;4;4
"oct";"hd";"month";"Sa24";4;4;4
"sep";"hd";"month";"Sa24";4;4;4
"apr";"str";"month";"Sa24";4;4;4
"aug";"str";"month";"Sa24";4;4;4
"dec";"str";"month";"Sa24";4;4;4
"feb";"str";"month";"Sa24";4;4;4
"jan";"str";"month";"Sa24";4;4;4
"jul";"str";"month";"Sa24";4;4;4
"jun";"str";"month";"Sa24";4;4;4
"mar";"str";"month";"Sa24";4;4;4
"may";"str";"month";"Sa24";4;4;4
"nov";"str";"month";"Sa24";4;4;4
"oct";"str";"month";"Sa24";4;4;4
"sep";"str";"month";"Sa24";4;4;4
"apr";"tr";"month";"Sa24";4;4;4
"aug";"tr";"month";"Sa24";4;4;4
"dec";"tr";"month";"Sa24";4;4;4
"feb";"tr";"month";"Sa24";4;4;4
"jan";"tr";"month";"Sa24";4;4;4
"jul";"tr";"month";"Sa24";4;4;4
"jun";"tr";"month";"Sa24";4;4;4
"mar";"tr";"month";"Sa24";4;4;4
"may";"tr";"month";"Sa24";4;4;4
"nov";"tr";"month";"Sa24";4;4;4
"oct";"tr";"month";"Sa24";4;4;4
"sep";"tr";"month";"Sa24";4;4;4
"apr";"hd";"crazy";"Sa25";4;4;4
"aug";"hd";"crazy";"Sa25";4;4;4
"dec";"hd";"crazy";"Sa25";4;4;4
"feb";"hd";"crazy";"Sa25";4;4;4
"jan";"hd";"crazy";"Sa25";4;4;4
"jul";"hd";"crazy";"Sa25";4;4;4
"jun";"hd";"crazy";"Sa25";4;4;4
"mar";"hd";"crazy";"Sa25";4;4;4
"may";"hd";"crazy";"Sa25";4;4;4
"nov";"hd";"crazy";"Sa25";4;4;4
"oct";"hd";"crazy";"Sa25";4;4;4
"sep";"hd";"crazy";"Sa25";4;4;4
"apr";"str";"crazy";"Sa25";4;4;4
"aug";"str";"crazy";"Sa25";4;4;4
"dec";"str";"crazy";"Sa25";3;3;3
"feb";"str";"crazy";"Sa25";4;4;4
"jan";"str";"crazy";"Sa25";4;4;4
"jul";"str";"crazy";"Sa25";4;4;4
"jun";"str";"crazy";"Sa25";3;3;3
"mar";"str";"crazy";"Sa25";4;4;4
"may";"str";"crazy";"Sa25";4;4;4
"nov";"str";"crazy";"Sa25";4;4;4
"oct";"str";"crazy";"Sa25";4;4;4
"sep";"str";"crazy";"Sa25";4;4;4
"apr";"tr";"crazy";"Sa25";4;4;4
"aug";"tr";"crazy";"Sa25";4;4;4
"dec";"tr";"crazy";"Sa25";4;4;4
"feb";"tr";"crazy";"Sa25";3;3;3
"jan";"tr";"crazy";"Sa25";3;3;3
"jul";"tr";"crazy";"Sa25";4;4;4
"jun";"tr";"crazy";"Sa25";4;4;4
"mar";"tr";"crazy";"Sa25";4;4;4
"may";"tr";"crazy";"Sa25";4;4;4
"nov";"tr";"crazy";"Sa25";3;3;3
"oct";"tr";"crazy";"Sa25";4;4;4
"sep";"tr";"crazy";"Sa25";2;2;2
"apr";"hd";"month";"Sa25";2;2;2
"aug";"hd";"month";"Sa25";4;4;4
"dec";"hd";"month";"Sa25";4;4;4
"feb";"hd";"month";"Sa25";2;2;2
"jan";"hd";"month";"Sa25";3;3;3
"jul";"hd";"month";"Sa25";4;4;4
"jun";"hd";"month";"Sa25";4;4;4
"mar";"hd";"month";"Sa25";1;1;1
"may";"hd";"month";"Sa25";2;2;2
"nov";"hd";"month";"Sa25";4;4;4
"oct";"hd";"month";"Sa25";4;4;4
"sep";"hd";"month";"Sa25";4;4;4
"apr";"str";"month";"Sa25";2;2;2
"aug";"str";"month";"Sa25";4;4;4
"dec";"str";"month";"Sa25";4;4;4
"feb";"str";"month";"Sa25";4;4;4
"jan";"str";"month";"Sa25";4;4;4
"jul";"str";"month";"Sa25";4;4;4
"jun";"str";"month";"Sa25";4;4;4
"mar";"str";"month";"Sa25";4;4;4
"may";"str";"month";"Sa25";3;3;3
"nov";"str";"month";"Sa25";4;4;4
"oct";"str";"month";"Sa25";4;4;4
"sep";"str";"month";"Sa25";4;4;4
"apr";"tr";"month";"Sa25";4;4;4
"aug";"tr";"month";"Sa25";4;4;4
"dec";"tr";"month";"Sa25";4;4;4
"feb";"tr";"month";"Sa25";4;4;4
"jan";"tr";"month";"Sa25";3;3;3
"jul";"tr";"month";"Sa25";3;3;3
"jun";"tr";"month";"Sa25";4;4;4
"mar";"tr";"month";"Sa25";4;4;4
"may";"tr";"month";"Sa25";4;4;4
"nov";"tr";"month";"Sa25";4;4;4
"oct";"tr";"month";"Sa25";3;3;3
"sep";"tr";"month";"Sa25";4;4;4
"apr";"hd";"month";"Sa26";4;4;4
"aug";"hd";"month";"Sa26";4;4;4
"dec";"hd";"month";"Sa26";4;4;4
"feb";"hd";"month";"Sa26";4;4;4
"jan";"hd";"month";"Sa26";4;4;4
"jul";"hd";"month";"Sa26";4;4;4
"jun";"hd";"month";"Sa26";4;4;4
"mar";"hd";"month";"Sa26";4;4;4
"may";"hd";"month";"Sa26";4;4;4
"nov";"hd";"month";"Sa26";4;4;4
"oct";"hd";"month";"Sa26";4;4;4
"sep";"hd";"month";"Sa26";4;4;4
"apr";"str";"month";"Sa26";4;4;4
"aug";"str";"month";"Sa26";4;4;4
"dec";"str";"month";"Sa26";4;4;4
"feb";"str";"month";"Sa26";4;4;4
"jan";"str";"month";"Sa26";4;4;4
"jul";"str";"month";"Sa26";4;4;4
"jun";"str";"month";"Sa26";4;4;4
"mar";"str";"month";"Sa26";4;4;4
"may";"str";"month";"Sa26";4;4;4
"nov";"str";"month";"Sa26";4;4;4
"oct";"str";"month";"Sa26";4;4;4
"sep";"str";"month";"Sa26";4;4;4
"apr";"tr";"month";"Sa26";4;4;4
"aug";"tr";"month";"Sa26";4;4;4
"dec";"tr";"month";"Sa26";4;4;4
"feb";"tr";"month";"Sa26";4;4;4
"jan";"tr";"month";"Sa26";4;4;4
"jul";"tr";"month";"Sa26";4;4;4
"jun";"tr";"month";"Sa26";4;4;4
"mar";"tr";"month";"Sa26";4;4;4
"may";"tr";"month";"Sa26";4;4;4
"nov";"tr";"month";"Sa26";4;4;4
"oct";"tr";"month";"Sa26";4;4;4
"sep";"tr";"month";"Sa26";4;4;4
"apr";"hd";"month";"Sa4";4;4;4
"aug";"hd";"month";"Sa4";4;4;4
"dec";"hd";"month";"Sa4";4;4;4
"feb";"hd";"month";"Sa4";4;4;4
"jan";"hd";"month";"Sa4";4;4;4
"jul";"hd";"month";"Sa4";4;4;4
"jun";"hd";"month";"Sa4";4;4;4
"mar";"hd";"month";"Sa4";4;4;4
"may";"hd";"month";"Sa4";4;4;4
"nov";"hd";"month";"Sa4";4;4;4
"oct";"hd";"month";"Sa4";4;4;4
"sep";"hd";"month";"Sa4";4;4;4
"apr";"str";"month";"Sa4";4;4;4
"aug";"str";"month";"Sa4";4;4;4
"dec";"str";"month";"Sa4";4;4;4
"feb";"str";"month";"Sa4";3;3;3
"jan";"str";"month";"Sa4";4;4;4
"jul";"str";"month";"Sa4";4;4;4
"jun";"str";"month";"Sa4";4;4;4
"mar";"str";"month";"Sa4";4;4;4
"may";"str";"month";"Sa4";4;4;4
"nov";"str";"month";"Sa4";4;4;4
"oct";"str";"month";"Sa4";4;4;4
"sep";"str";"month";"Sa4";4;4;4
"apr";"tr";"month";"Sa4";4;4;4
"aug";"tr";"month";"Sa4";4;4;4
"dec";"tr";"month";"Sa4";4;4;4
"feb";"tr";"month";"Sa4";4;4;4
"jan";"tr";"month";"Sa4";4;4;4
"jul";"tr";"month";"Sa4";4;4;4
"jun";"tr";"month";"Sa4";4;4;4
"mar";"tr";"month";"Sa4";4;4;4
"may";"tr";"month";"Sa4";4;4;4
"nov";"tr";"month";"Sa4";4;4;4
"oct";"tr";"month";"Sa4";4;4;4
"sep";"tr";"month";"Sa4";4;4;4
"apr";"hd";"month";"Sa5";4;4;4
"aug";"hd";"month";"Sa5";4;4;4
"dec";"hd";"month";"Sa5";4;4;4
"feb";"hd";"month";"Sa5";4;4;4
"jan";"hd";"month";"Sa5";4;4;4
"jul";"hd";"month";"Sa5";4;4;4
"jun";"hd";"month";"Sa5";4;4;4
"mar";"hd";"month";"Sa5";4;4;4
"may";"hd";"month";"Sa5";4;4;4
"nov";"hd";"month";"Sa5";4;4;4
"oct";"hd";"month";"Sa5";4;4;4
"sep";"hd";"month";"Sa5";4;4;4
"apr";"str";"month";"Sa5";3;3;3
"aug";"str";"month";"Sa5";4;4;4
"dec";"str";"month";"Sa5";4;4;4
"feb";"str";"month";"Sa5";3;3;3
"jan";"str";"month";"Sa5";5;5;5
"jul";"str";"month";"Sa5";4;4;4
"jun";"str";"month";"Sa5";3;3;3
"mar";"str";"month";"Sa5";4;4;4
"may";"str";"month";"Sa5";4;4;4
"nov";"str";"month";"Sa5";4;4;4
"oct";"str";"month";"Sa5";4;4;4
"sep";"str";"month";"Sa5";3;3;3
"apr";"tr";"month";"Sa5";4;4;4
"aug";"tr";"month";"Sa5";4;4;4
"dec";"tr";"month";"Sa5";4;4;4
"feb";"tr";"month";"Sa5";4;4;4
"jan";"tr";"month";"Sa5";4;4;4
"jul";"tr";"month";"Sa5";4;4;4
"jun";"tr";"month";"Sa5";4;4;4
"mar";"tr";"month";"Sa5";4;4;4
"may";"tr";"month";"Sa5";4;4;4
"nov";"tr";"month";"Sa5";4;4;4
"oct";"tr";"month";"Sa5";4;4;4
"sep";"tr";"month";"Sa5";4;4;4
"apr";"hd";"crazy";"Sa6";4;4;4
"aug";"hd";"crazy";"Sa6";4;4;4
"dec";"hd";"crazy";"Sa6";4;4;4
"feb";"hd";"crazy";"Sa6";4;4;4
"jan";"hd";"crazy";"Sa6";4;4;4
"jul";"hd";"crazy";"Sa6";4;4;4
"jun";"hd";"crazy";"Sa6";4;4;4
"mar";"hd";"crazy";"Sa6";4;4;4
"may";"hd";"crazy";"Sa6";4;4;4
"nov";"hd";"crazy";"Sa6";4;4;4
"oct";"hd";"crazy";"Sa6";4;4;4
"sep";"hd";"crazy";"Sa6";4;4;4
"apr";"str";"crazy";"Sa6";4;4;4
"aug";"str";"crazy";"Sa6";4;4;4
"dec";"str";"crazy";"Sa6";4;4;4
"feb";"str";"crazy";"Sa6";4;4;4
"jan";"str";"crazy";"Sa6";4;4;4
"jul";"str";"crazy";"Sa6";4;4;4
"jun";"str";"crazy";"Sa6";4;4;4
"mar";"str";"crazy";"Sa6";4;4;4
"may";"str";"crazy";"Sa6";4;4;4
"nov";"str";"crazy";"Sa6";4;4;4
"oct";"str";"crazy";"Sa6";4;4;4
"sep";"str";"crazy";"Sa6";4;4;4
"apr";"tr";"crazy";"Sa6";4;4;4
"aug";"tr";"crazy";"Sa6";4;4;4
"dec";"tr";"crazy";"Sa6";4;4;4
"feb";"tr";"crazy";"Sa6";4;4;4
"jan";"tr";"crazy";"Sa6";4;4;4
"jul";"tr";"crazy";"Sa6";4;4;4
"jun";"tr";"crazy";"Sa6";4;4;4
"mar";"tr";"crazy";"Sa6";4;4;4
"may";"tr";"crazy";"Sa6";4;4;4
"nov";"tr";"crazy";"Sa6";4;4;4
"oct";"tr";"crazy";"Sa6";4;4;4
"sep";"tr";"crazy";"Sa6";4;4;4
"apr";"hd";"month";"Sa6";4;4;4
"aug";"hd";"month";"Sa6";4;4;4
"dec";"hd";"month";"Sa6";4;4;4
"feb";"hd";"month";"Sa6";4;4;4
"jan";"hd";"month";"Sa6";4;4;4
"jul";"hd";"month";"Sa6";4;4;4
"jun";"hd";"month";"Sa6";4;4;4
"mar";"hd";"month";"Sa6";4;4;4
"may";"hd";"month";"Sa6";4;4;4
"nov";"hd";"month";"Sa6";4;4;4
"oct";"hd";"month";"Sa6";4;4;4
"sep";"hd";"month";"Sa6";4;4;4
"apr";"str";"month";"Sa6";4;4;4
"aug";"str";"month";"Sa6";4;4;4
"dec";"str";"month";"Sa6";4;4;4
"feb";"str";"month";"Sa6";4;4;4
"jan";"str";"month";"Sa6";4;4;4
"jul";"str";"month";"Sa6";4;4;4
"jun";"str";"month";"Sa6";4;4;4
"mar";"str";"month";"Sa6";4;4;4
"may";"str";"month";"Sa6";4;4;4
"nov";"str";"month";"Sa6";4;4;4
"oct";"str";"month";"Sa6";4;4;4
"sep";"str";"month";"Sa6";4;4;4
"apr";"tr";"month";"Sa6";4;4;4
"aug";"tr";"month";"Sa6";4;4;4
"dec";"tr";"month";"Sa6";4;4;4
"feb";"tr";"month";"Sa6";4;4;4
"jan";"tr";"month";"Sa6";4;4;4
"jul";"tr";"month";"Sa6";3;3;3
"jun";"tr";"month";"Sa6";4;4;4
"mar";"tr";"month";"Sa6";4;4;4
"may";"tr";"month";"Sa6";4;4;4
"nov";"tr";"month";"Sa6";4;4;4
"oct";"tr";"month";"Sa6";3;3;3
"sep";"tr";"month";"Sa6";4;4;4
"apr";"hd";"crazy";"Sa7";3;3;3
"aug";"hd";"crazy";"Sa7";3;3;3
"dec";"hd";"crazy";"Sa7";3;3;3
"feb";"hd";"crazy";"Sa7";3;3;3
"jan";"hd";"crazy";"Sa7";3;3;3
"jul";"hd";"crazy";"Sa7";3;3;3
"jun";"hd";"crazy";"Sa7";3;3;3
"mar";"hd";"crazy";"Sa7";3;3;3
"may";"hd";"crazy";"Sa7";3;3;3
"nov";"hd";"crazy";"Sa7";3;3;3
"oct";"hd";"crazy";"Sa7";3;3;3
"sep";"hd";"crazy";"Sa7";3;3;3
"apr";"str";"crazy";"Sa7";3;3;3
"aug";"str";"crazy";"Sa7";3;3;3
"dec";"str";"crazy";"Sa7";3;3;3
"feb";"str";"crazy";"Sa7";3;3;3
"jan";"str";"crazy";"Sa7";3;3;3
"jul";"str";"crazy";"Sa7";3;3;3
"jun";"str";"crazy";"Sa7";3;3;3
"mar";"str";"crazy";"Sa7";3;3;3
"may";"str";"crazy";"Sa7";3;3;3
"nov";"str";"crazy";"Sa7";2;2;2
"oct";"str";"crazy";"Sa7";3;3;3
"sep";"str";"crazy";"Sa7";3;3;3
"apr";"tr";"crazy";"Sa7";3;3;3
"aug";"tr";"crazy";"Sa7";3;3;3
"dec";"tr";"crazy";"Sa7";2;2;2
"feb";"tr";"crazy";"Sa7";3;3;3
"jan";"tr";"crazy";"Sa7";3;3;3
"jul";"tr";"crazy";"Sa7";3;3;3
"jun";"tr";"crazy";"Sa7";2;2;2
"mar";"tr";"crazy";"Sa7";3;3;3
"may";"tr";"crazy";"Sa7";3;3;3
"nov";"tr";"crazy";"Sa7";3;3;3
"oct";"tr";"crazy";"Sa7";3;3;3
"sep";"tr";"crazy";"Sa7";3;3;3
"apr";"hd";"month";"Sa7";4;4;4
"aug";"hd";"month";"Sa7";4;4;4
"dec";"hd";"month";"Sa7";4;4;4
"feb";"hd";"month";"Sa7";4;4;4
"jan";"hd";"month";"Sa7";4;4;4
"jul";"hd";"month";"Sa7";4;4;4
"jun";"hd";"month";"Sa7";4;4;4
"mar";"hd";"month";"Sa7";4;4;4
"may";"hd";"month";"Sa7";4;4;4
"nov";"hd";"month";"Sa7";4;4;4
"oct";"hd";"month";"Sa7";4;4;4
"sep";"hd";"month";"Sa7";4;4;4
"apr";"str";"month";"Sa7";4;4;4
"aug";"str";"month";"Sa7";4;4;4
"dec";"str";"month";"Sa7";3;3;3
"feb";"str";"month";"Sa7";4;4;4
"jan";"str";"month";"Sa7";4;4;4
"jul";"str";"month";"Sa7";4;4;4
"jun";"str";"month";"Sa7";4;4;4
"mar";"str";"month";"Sa7";4;4;4
"may";"str";"month";"Sa7";2;2;2
"nov";"str";"month";"Sa7";4;4;4
"oct";"str";"month";"Sa7";4;4;4
"sep";"str";"month";"Sa7";4;4;4
"apr";"tr";"month";"Sa7";4;4;4
"aug";"tr";"month";"Sa7";4;4;4
"dec";"tr";"month";"Sa7";4;4;4
"feb";"tr";"month";"Sa7";4;4;4
"jan";"tr";"month";"Sa7";4;4;4
"jul";"tr";"month";"Sa7";4;4;4
"jun";"tr";"month";"Sa7";4;4;4
"mar";"tr";"month";"Sa7";4;4;4
"may";"tr";"month";"Sa7";4;4;4
"nov";"tr";"month";"Sa7";4;4;4
"oct";"tr";"month";"Sa7";4;4;4
"sep";"tr";"month";"Sa7";4;4;4
"apr";"hd";"crazy";"Sa8";4;4;4
"aug";"hd";"crazy";"Sa8";4;4;4
"dec";"hd";"crazy";"Sa8";4;4;4
"feb";"hd";"crazy";"Sa8";4;4;4
"jan";"hd";"crazy";"Sa8";4;4;4
"jul";"hd";"crazy";"Sa8";4;4;4
"jun";"hd";"crazy";"Sa8";4;4;4
"mar";"hd";"crazy";"Sa8";4;4;4
"may";"hd";"crazy";"Sa8";4;4;4
"nov";"hd";"crazy";"Sa8";4;4;4
"oct";"hd";"crazy";"Sa8";4;4;4
"sep";"hd";"crazy";"Sa8";4;4;4
"apr";"str";"crazy";"Sa8";4;4;4
"aug";"str";"crazy";"Sa8";4;4;4
"dec";"str";"crazy";"Sa8";4;4;4
"feb";"str";"crazy";"Sa8";4;4;4
"jan";"str";"crazy";"Sa8";4;4;4
"jul";"str";"crazy";"Sa8";4;4;4
"jun";"str";"crazy";"Sa8";4;4;4
"mar";"str";"crazy";"Sa8";4;4;4
"may";"str";"crazy";"Sa8";4;4;4
"nov";"str";"crazy";"Sa8";4;4;4
"oct";"str";"crazy";"Sa8";4;4;4
"sep";"str";"crazy";"Sa8";4;4;4
"apr";"tr";"crazy";"Sa8";4;4;4
"aug";"tr";"crazy";"Sa8";4;4;4
"dec";"tr";"crazy";"Sa8";4;4;4
"feb";"tr";"crazy";"Sa8";3;3;3
"jan";"tr";"crazy";"Sa8";4;4;4
"jul";"tr";"crazy";"Sa8";4;4;4
"jun";"tr";"crazy";"Sa8";4;4;4
"mar";"tr";"crazy";"Sa8";4;4;4
"may";"tr";"crazy";"Sa8";4;4;4
"nov";"tr";"crazy";"Sa8";4;4;4
"oct";"tr";"crazy";"Sa8";4;4;4
"sep";"tr";"crazy";"Sa8";4;4;4
"apr";"hd";"crazy";"Sa9";3;3;3
"aug";"hd";"crazy";"Sa9";4;4;4
"dec";"hd";"crazy";"Sa9";4;4;4
"feb";"hd";"crazy";"Sa9";4;4;4
"jan";"hd";"crazy";"Sa9";4;4;4
"jul";"hd";"crazy";"Sa9";4;4;4
"jun";"hd";"crazy";"Sa9";4;4;4
"mar";"hd";"crazy";"Sa9";4;4;4
"may";"hd";"crazy";"Sa9";4;4;4
"nov";"hd";"crazy";"Sa9";4;4;4
"oct";"hd";"crazy";"Sa9";3;3;3
"sep";"hd";"crazy";"Sa9";4;4;4
"apr";"str";"crazy";"Sa9";4;4;4
"aug";"str";"crazy";"Sa9";4;4;4
"dec";"str";"crazy";"Sa9";4;4;4
"feb";"str";"crazy";"Sa9";4;4;4
"jan";"str";"crazy";"Sa9";4;4;4
"jul";"str";"crazy";"Sa9";4;4;4
"jun";"str";"crazy";"Sa9";4;4;4
"mar";"str";"crazy";"Sa9";4;4;4
"may";"str";"crazy";"Sa9";4;4;4
"nov";"str";"crazy";"Sa9";4;4;4
"oct";"str";"crazy";"Sa9";4;4;4
"sep";"str";"crazy";"Sa9";4;4;4
"apr";"tr";"crazy";"Sa9";4;4;4
"aug";"tr";"crazy";"Sa9";3;3;3
"dec";"tr";"crazy";"Sa9";4;4;4
"feb";"tr";"crazy";"Sa9";4;4;4
"jan";"tr";"crazy";"Sa9";4;4;4
"jul";"tr";"crazy";"Sa9";4;4;4
"jun";"tr";"crazy";"Sa9";4;4;4
"mar";"tr";"crazy";"Sa9";4;4;4
"may";"tr";"crazy";"Sa9";4;4;4
"nov";"tr";"crazy";"Sa9";4;4;4
"oct";"tr";"crazy";"Sa9";4;4;4
"sep";"tr";"crazy";"Sa9";4;4;4
"apr";"hd";"month";"Sa9";4;4;4
"aug";"hd";"month";"Sa9";4;4;4
"dec";"hd";"month";"Sa9";4;4;4
"feb";"hd";"month";"Sa9";4;4;4
"jan";"hd";"month";"Sa9";4;4;4
"jul";"hd";"month";"Sa9";3;3;3
"jun";"hd";"month";"Sa9";4;4;4
"mar";"hd";"month";"Sa9";4;4;4
"may";"hd";"month";"Sa9";4;4;4
"nov";"hd";"month";"Sa9";4;4;4
"oct";"hd";"month";"Sa9";4;4;4
"sep";"hd";"month";"Sa9";3;3;3
"apr";"str";"month";"Sa9";4;4;4
"aug";"str";"month";"Sa9";4;4;4
"dec";"str";"month";"Sa9";4;4;4
"feb";"str";"month";"Sa9";4;4;4
"jan";"str";"month";"Sa9";4;4;4
"jul";"str";"month";"Sa9";4;4;4
"jun";"str";"month";"Sa9";4;4;4
"mar";"str";"month";"Sa9";4;4;4
"may";"str";"month";"Sa9";4;4;4
"nov";"str";"month";"Sa9";4;4;4
"oct";"str";"month";"Sa9";4;4;4
"sep";"str";"month";"Sa9";4;4;4
"apr";"tr";"month";"Sa9";4;4;4
"aug";"tr";"month";"Sa9";4;4;4
"dec";"tr";"month";"Sa9";4;4;4
"feb";"tr";"month";"Sa9";4;4;4
"jan";"tr";"month";"Sa9";4;4;4
"jul";"tr";"month";"Sa9";4;4;4
"jun";"tr";"month";"Sa9";4;4;4
"mar";"tr";"month";"Sa9";3;3;3
"may";"tr";"month";"Sa9";4;4;4
"nov";"tr";"month";"Sa9";4;4;4
"oct";"tr";"month";"Sa9";4;4;4
"sep";"tr";"month";"Sa9";4;4;4
