"m","z","X","y","outlier","condition","task","type","participant","rounds"
"mar",1947,463.23676,111.58251,0,"tr","mini","control","Co1","both"
"sep",1814,-683.618,34.65341,0,"tr","mini","control","Co1","both"
"feb",1947,270.5032,368.56058,0,"tr","mini","control","Co1","both"
"oct",1814,-620.61176,311.88098,0,"tr","mini","control","Co1","both"
"aug",1706,-325.90286,-554.035,0,"tr","mini","control","Co1","both"
"nov",1786,-465.253,486.96478,0,"tr","mini","control","Co1","both"
"jun",1581,-54.9134,-480.49228,0,"tr","mini","control","Co1","both"
"dec",1883,-111.18486,572.275,0,"tr","mini","control","Co1","both"
"jul",1665,-309.3958,-511.80438,0,"tr","mini","control","Co1","both"
"apr",1904,413.32666,-221.54312,0,"tr","mini","control","Co1","both"
"dec",1814,66.156654,513.5011,0,"hd","mini","control","Co1","both"
"jul",1741,-202.57692,-510.97775,0,"hd","mini","control","Co1","both"
"mar",2063,716.54865,89.56855,0,"hd","mini","control","Co1","both"
"aug",1883,-513.4125,-336.82486,0,"hd","mini","control","Co1","both"
"apr",1992,657.2936,-273.29584,0,"hd","mini","control","Co1","both"
"feb",1980,625.8252,285.40378,0,"hd","mini","control","Co1","both"
"oct",2015,-545.9038,311.44507,0,"hd","mini","control","Co1","both"
"jan",1947,412.5174,490.28702,0,"hd","mini","control","Co1","both"
"nov",2003,-208.7126,518.3029,0,"hd","mini","control","Co1","both"
"may",1814,340.2338,-513.50116,0,"hd","mini","control","Co1","both"
"sep",2167,-594.6103,109.13729,0,"hd","mini","control","Co1","both"
"jun",1698,41.284084,-504.25513,0,"hd","mini","control","Co1","both"
"may",1833,331.06427,-512.513,0,"str","mini","control","Co1","both"
"dec",2140,89.19525,590.9182,0,"str","mini","control","Co1","both"
"oct",2181,-552.9998,291.65057,0,"str","mini","control","Co1","both"
"apr",2039,573.6523,-407.22235,0,"str","mini","control","Co1","both"
"jul",1804,-272.5663,-548.2657,0,"str","mini","control","Co1","both"
"mar",2167,730.09125,124.190704,0,"str","mini","control","Co1","both"
"jan",2114,381.81665,517.65515,0,"str","mini","control","Co1","both"
"sep",2208,-628.8678,88.19485,0,"str","mini","control","Co1","both"
"feb",2127,620.5735,328.75616,0,"str","mini","control","Co1","both"
"jun",1673,26.149035,-549.1289,0,"str","mini","control","Co1","both"
"nov",2088,-297.34506,482.27927,0,"str","mini","control","Co1","both"
"apr",2051,705.25684,-260.01904,0,"eyes","mini","control","Co1","both"
"jan",2003,438.29654,469.60333,0,"eyes","mini","control","Co1","both"
"jul",1768,-257.91583,-488.19794,0,"eyes","mini","control","Co1","both"
"may",1969,636.0264,-338.53018,0,"eyes","mini","control","Co1","both"
"aug",1795,-274.32385,-508.1227,0,"eyes","mini","control","Co1","both"
"dec",2051,71.23807,552.095,0,"eyes","mini","control","Co1","both"
"feb",1980,591.4392,312.9126,0,"eyes","mini","control","Co1","both"
"sep",2181,-647.6915,56.814995,0,"eyes","mini","control","Co1","both"
"jun",1698,20.642042,-498.3574,0,"eyes","mini","control","Co1","both"
"oct",1969,-471.8905,386.40308,0,"eyes","mini","control","Co1","both"
"mar",2127,716.6147,136.6739,0,"eyes","mini","control","Co1","both"
"nov",2063,-265.123,533.8287,0,"eyes","mini","control","Co1","both"
"jan",1715,-187.63812,265.07608,0,"tr","mini","control","Co2","both"
"may",1673,17.432726,217.9082,0,"tr","mini","control","Co2","both"
"mar",1681,-87.5801,300.69162,0,"tr","mini","control","Co2","both"
"sep",1574,-196.81293,128.47508,0,"tr","mini","control","Co2","both"
"feb",1673,-162.70483,305.07153,0,"tr","mini","control","Co2","both"
"aug",1611,-109.113014,125.899605,0,"tr","mini","control","Co2","both"
"jun",1626,-101.65753,177.90065,0,"tr","mini","control","Co2","both"
"dec",1634,-278.0959,263.90732,0,"tr","mini","control","Co2","both"
"jul",1603,-122.49056,136.40994,0,"tr","mini","control","Co2","both"
"apr",1634,-113.50853,286.609,0,"tr","mini","control","Co2","both"
"jul",1634,48.241146,-127.69718,0,"hd","mini","control","Co2","both"
"mar",1626,81.89082,98.83369,0,"hd","mini","control","Co2","both"
"aug",1715,-17.870312,-86.37316,0,"hd","mini","control","Co2","both"
"apr",1649,114.55053,71.594055,0,"hd","mini","control","Co2","both"
"feb",1706,-29.627533,133.32385,0,"hd","mini","control","Co2","both"
"oct",1698,-103.2101,-88.4658,0,"hd","mini","control","Co2","both"
"jan",1690,-76.30914,120.3336,0,"hd","mini","control","Co2","both"
"nov",1750,-136.7625,39.50913,0,"hd","mini","control","Co2","both"
"may",1698,235.9088,-14.744328,0,"hd","mini","control","Co2","both"
"sep",1715,-68.50279,-86.37316,0,"hd","mini","control","Co2","both"
"jun",1690,184.90288,-2.935006,0,"hd","mini","control","Co2","both"
"aug",1690,26.414743,161.42314,0,"str","mini","control","Co2","both"
"may",1706,165.91425,251.834,0,"str","mini","control","Co2","both"
"dec",1741,-75.58842,281.1889,0,"str","mini","control","Co2","both"
"oct",1715,-62.54606,181.68134,0,"str","mini","control","Co2","both"
"apr",1723,86.77607,296.23535,0,"str","mini","control","Co2","both"
"jul",1641,99.745445,139.64362,0,"str","mini","control","Co2","both"
"mar",1723,68.82234,308.20447,0,"str","mini","control","Co2","both"
"jan",1768,-42.985962,316.2539,0,"str","mini","control","Co2","both"
"sep",1715,-32.762226,92.329834,0,"str","mini","control","Co2","both"
"feb",1804,6.2659173,310.16168,0,"str","mini","control","Co2","both"
"jun",1715,110.2002,187.63814,0,"str","mini","control","Co2","both"
"nov",1759,-97.753456,235.21933,0,"str","mini","control","Co2","both"
"apr",1843,-185.63922,246.45209,0,"eyes","mini","control","Co2","both"
"jul",1843,-233.64937,73.61554,0,"eyes","mini","control","Co2","both"
"may",1863,-200.59538,216.77245,0,"eyes","mini","control","Co2","both"
"aug",1915,-282.6859,43.234276,0,"eyes","mini","control","Co2","both"
"dec",2015,-314.9445,227.4599,0,"eyes","mini","control","Co2","both"
"feb",1980,-226.9476,326.667,0,"eyes","mini","control","Co2","both"
"sep",1904,-324.04807,-23.146318,0,"eyes","mini","control","Co2","both"
"jun",1804,-200.50858,72.05775,0,"eyes","mini","control","Co2","both"
"oct",1947,-358.41675,57.481873,0,"eyes","mini","control","Co2","both"
"mar",1843,-153.63245,272.0575,0,"eyes","mini","control","Co2","both"
"jan",1715,-363.36273,229.33551,0,"tr","mini","control","Co3","both"
"may",1402,-277.56793,275.13312,0,"tr","mini","control","Co3","both"
"mar",1461,-370.44144,276.5624,0,"tr","mini","control","Co3","both"
"sep",1560,-5.418369,251.95558,0,"tr","mini","control","Co3","both"
"feb",1581,-400.86783,238.87326,0,"tr","mini","control","Co3","both"
"aug",1437,-7.4867506,242.0722,0,"tr","mini","control","Co3","both"
"nov",1626,33.88586,223.08177,0,"tr","mini","control","Co3","both"
"jun",1473,-240.46233,263.4853,0,"tr","mini","control","Co3","both"
"dec",1863,-12.9416275,203.83081,0,"tr","mini","control","Co3","both"
"jul",1449,-181.18292,274.29086,0,"tr","mini","control","Co3","both"
"apr",1480,-359.83734,259.5969,0,"tr","mini","control","Co3","both"
"dec",1936,13.448798,131.12524,0,"hd","mini","control","Co3","both"
"jul",1665,-112.77044,-135.90292,0,"hd","mini","control","Co3","both"
"mar",1732,-324.85388,-45.1186,0,"hd","mini","control","Co3","both"
"aug",1665,34.69862,-135.90292,0,"hd","mini","control","Co3","both"
"apr",1673,-249.86813,-119.123184,0,"hd","mini","control","Co3","both"
"feb",1853,-321.80432,28.962362,0,"hd","mini","control","Co3","both"
"oct",1824,6.335384,-34.84449,0,"hd","mini","control","Co3","both"
"jan",1958,-343.43973,85.009796,0,"hd","mini","control","Co3","both"
"nov",1863,25.883255,22.647848,0,"hd","mini","control","Co3","both"
"may",1706,-266.6478,-109.621895,0,"hd","mini","control","Co3","both"
"sep",1786,37.220264,-77.54222,0,"hd","mini","control","Co3","both"
"jun",1673,-168.51569,-159.79944,0,"hd","mini","control","Co3","both"
"aug",1596,-2.7717304,274.40024,0,"str","mini","control","Co3","both"
"may",1618,-295.0423,266.94302,0,"str","mini","control","Co3","both"
"dec",2051,85.48573,210.15225,0,"str","mini","control","Co3","both"
"oct",1843,134.42844,195.24123,0,"str","mini","control","Co3","both"
"apr",1665,-323.85355,205.30002,0,"str","mini","control","Co3","both"
"jul",1634,-73.780556,246.88103,0,"str","mini","control","Co3","both"
"sep",1750,79.0184,221.85913,0,"str","mini","control","Co3","both"
"jun",1589,-154.53555,251.12025,0,"str","mini","control","Co3","both"
"jul",1657,-92.08498,233.09016,0,"eyes","mini","control","Co3","both"
"dec",1925,120.351074,250.7312,0,"eyes","mini","control","Co3","both"
"feb",1883,-300.85315,232.18015,0,"eyes","mini","control","Co3","both"
"sep",1777,117.27013,237.62636,0,"eyes","mini","control","Co3","both"
"jun",1657,-126.61688,238.84547,0,"eyes","mini","control","Co3","both"
"oct",1833,133.69904,232.38159,0,"eyes","mini","control","Co3","both"
"mar",1750,-267.44662,264.40747,0,"eyes","mini","control","Co3","both"
"nov",1894,138.14838,240.11496,0,"eyes","mini","control","Co3","both"
"jan",1649,-171.82579,163.23448,0,"tr","mini","control","Co4","both"
"may",1804,-313.29465,103.387184,0,"tr","mini","control","Co4","both"
"mar",1706,-275.53604,127.39835,0,"tr","mini","control","Co4","both"
"feb",1649,-317.87775,160.37071,0,"tr","mini","control","Co4","both"
"aug",1969,-109.42385,-30.77549,0,"tr","mini","control","Co4","both"
"jun",1894,-305.8999,16.44617,0,"tr","mini","control","Co4","both"
"dec",1715,-14.891916,229.33551,0,"tr","mini","control","Co4","both"
"jul",1925,-200.58499,-63.518665,0,"tr","mini","control","Co4","both"
"apr",1795,-370.96066,52.99433,0,"tr","mini","control","Co4","both"
"dec",1581,-8.236989,-57.65913,0,"hd","mini","control","Co4","both"
"jul",1958,-224.42596,-193.82248,0,"hd","mini","control","Co4","both"
"mar",1843,-361.67642,-124.82641,0,"hd","mini","control","Co4","both"
"aug",1992,-93.40484,-169.51265,0,"hd","mini","control","Co4","both"
"apr",1883,-369.52615,-140.61617,0,"hd","mini","control","Co4","both"
"feb",1732,-369.9725,-117.30837,0,"hd","mini","control","Co4","both"
"jan",1618,-250.08347,-14.04966,0,"hd","mini","control","Co4","both"
"may",1936,-379.92706,-137.84967,0,"hd","mini","control","Co4","both"
"jun",1992,-262.91745,-127.999306,0,"hd","mini","control","Co4","both"
"aug",1992,-58.81044,-65.72945,0,"str","mini","control","Co4","both"
"may",1833,-423.3802,22.283148,0,"str","mini","control","Co4","both"
"jul",2003,-170.44861,-80.00657,0,"str","mini","control","Co4","both"
"mar",1843,-412.88727,-9.602066,0,"str","mini","control","Co4","both"
"jan",1665,-260.2395,187.95073,0,"str","mini","control","Co4","both"
"feb",1768,-393.0146,132.0283,0,"str","mini","control","Co4","both"
"jun",2015,-265.95316,-52.49075,0,"str","mini","control","Co4","both"
"apr",1843,-377.6798,-22.40476,0,"eyes","mini","control","Co4","both"
"jan",1657,-365.46237,94.962616,0,"eyes","mini","control","Co4","both"
"jul",2015,-216.96172,-66.488365,0,"eyes","mini","control","Co4","both"
"may",1843,-384.0812,-3.2007194,0,"eyes","mini","control","Co4","both"
"aug",2039,-38.95171,-53.115948,0,"eyes","mini","control","Co4","both"
"dec",1690,143.81342,102.723816,0,"eyes","mini","control","Co4","both"
"feb",1768,-423.71884,70.61979,0,"eyes","mini","control","Co4","both"
"sep",1992,217.94469,-3.459486,0,"eyes","mini","control","Co4","both"
"jun",2027,-295.69873,-66.88433,0,"eyes","mini","control","Co4","both"
"oct",1863,255.59743,22.647848,0,"eyes","mini","control","Co4","both"
"mar",1925,-447.97314,-23.401608,0,"eyes","mini","control","Co4","both"
"nov",1853,344.33066,41.834522,0,"eyes","mini","control","Co4","both"
"jan",1589,-273.19675,212.48637,0,"tr","mini","control","Co5","both"
"may",1589,-240.08197,162.8142,0,"tr","mini","control","Co5","both"
"mar",1596,-238.36792,180.16179,0,"tr","mini","control","Co5","both"
"sep",1567,-296.62787,198.659,0,"tr","mini","control","Co5","both"
"feb",1603,-236.62952,219.92624,0,"tr","mini","control","Co5","both"
"oct",1567,-299.3492,193.2163,0,"tr","mini","control","Co5","both"
"aug",1574,-287.0189,172.21133,0,"tr","mini","control","Co5","both"
"nov",1589,-278.7159,218.0055,0,"tr","mini","control","Co5","both"
"jun",1581,-263.58432,167.48582,0,"tr","mini","control","Co5","both"
"dec",1581,-285.54965,208.67087,0,"tr","mini","control","Co5","both"
"jul",1589,-284.235,179.3716,0,"tr","mini","control","Co5","both"
"apr",1596,-246.68306,191.24866,0,"tr","mini","control","Co5","both"
"dec",1574,-202.27997,232.3486,0,"hd","mini","control","Co5","both"
"jul",1589,-184.8907,179.3716,0,"hd","mini","control","Co5","both"
"mar",1596,-58.20613,202.33553,0,"hd","mini","control","Co5","both"
"aug",1611,-176.25949,218.22604,0,"hd","mini","control","Co5","both"
"apr",1596,-24.945469,157.988,0,"hd","mini","control","Co5","both"
"feb",1618,-81.48786,216.36435,0,"hd","mini","control","Co5","both"
"oct",1626,-228.72943,194.84355,0,"hd","mini","control","Co5","both"
"jan",1626,-138.36717,237.20085,0,"hd","mini","control","Co5","both"
"nov",1611,-201.4394,209.8327,0,"hd","mini","control","Co5","both"
"may",1603,-47.32587,108.57117,0,"hd","mini","control","Co5","both"
"sep",1626,-177.90063,194.84355,0,"hd","mini","control","Co5","both"
"jun",1611,-120.304085,97.921936,0,"hd","mini","control","Co5","both"
"aug",1581,-148.26617,203.17953,0,"str","mini","control","Co5","both"
"may",1618,-61.81835,177.02538,0,"str","mini","control","Co5","both"
"dec",1641,-145.34338,250.78851,0,"str","mini","control","Co5","both"
"oct",1634,-167.42508,215.66617,0,"str","mini","control","Co5","both"
"apr",1611,-64.34869,159.47285,0,"str","mini","control","Co5","both"
"jul",1626,-152.48627,152.48625,0,"str","mini","control","Co5","both"
"mar",1641,-76.94646,190.94127,0,"str","mini","control","Co5","both"
"jan",1665,-141.68594,231.32397,0,"str","mini","control","Co5","both"
"sep",1634,-170.2628,190.12677,0,"str","mini","control","Co5","both"
"feb",1665,-95.42113,211.08311,0,"str","mini","control","Co5","both"
"jun",1641,-128.24414,148.19322,0,"str","mini","control","Co5","both"
"nov",1673,-153.98846,226.62457,0,"str","mini","control","Co5","both"
"apr",1589,-52.43169,135.2186,0,"eyes","mini","control","Co5","both"
"jan",1634,-113.50853,218.50392,0,"eyes","mini","control","Co5","both"
"jul",1603,-158.68094,155.89706,0,"eyes","mini","control","Co5","both"
"may",1581,-46.676357,118.063774,0,"eyes","mini","control","Co5","both"
"aug",1611,-151.07956,176.2595,0,"eyes","mini","control","Co5","both"
"dec",1657,-129.49455,210.0689,0,"eyes","mini","control","Co5","both"
"feb",1649,-45.820225,197.59964,0,"eyes","mini","control","Co5","both"
"sep",1618,-168.5956,143.30624,0,"eyes","mini","control","Co5","both"
"jun",1634,-104.99536,107.833084,0,"eyes","mini","control","Co5","both"
"oct",1657,-152.51578,198.55829,0,"eyes","mini","control","Co5","both"
"mar",1657,-43.16485,152.51578,0,"eyes","mini","control","Co5","both"
"nov",1665,-159.03525,199.51692,0,"eyes","mini","control","Co5","both"
"jan",1992,-79.56709,473.94327,0,"tr","mini","control","Co6","both"
"may",2140,249.0033,-130.07637,0,"tr","mini","control","Co6","both"
"mar",2127,114.51067,328.75616,0,"tr","mini","control","Co6","both"
"sep",1814,-456.7954,69.30687,0,"tr","mini","control","Co6","both"
"feb",2101,10.946182,426.90213,0,"tr","mini","control","Co6","both"
"oct",1853,-476.2704,254.2254,0,"tr","mini","control","Co6","both"
"aug",1814,-343.38412,-75.60754,0,"tr","mini","control","Co6","both"
"nov",1863,-388.2492,404.42624,0,"tr","mini","control","Co6","both"
"jun",1853,19.308332,-318.5863,0,"tr","mini","control","Co6","both"
"dec",1873,-243.95825,465.14703,0,"tr","mini","control","Co6","both"
"jul",1715,-208.48683,-324.64386,0,"tr","mini","control","Co6","both"
"apr",2167,206.98462,206.98457,0,"tr","mini","control","Co6","both"
"dec",1833,-257.8481,455.2133,0,"hd","mini","control","Co6","both"
"jul",1681,-262.7403,-370.75577,0,"hd","mini","control","Co6","both"
"mar",1873,243.95825,393.5859,0,"hd","mini","control","Co6","both"
"aug",1873,-452.13593,-139.8694,0,"hd","mini","control","Co6","both"
"apr",1833,305.59784,206.91513,0,"hd","mini","control","Co6","both"
"feb",1873,94.330574,478.1581,0,"hd","mini","control","Co6","both"
"oct",1853,-424.78168,202.73671,0,"hd","mini","control","Co6","both"
"jan",1843,-6.4013166,483.30212,0,"hd","mini","control","Co6","both"
"nov",1873,-461.89423,302.5082,0,"hd","mini","control","Co6","both"
"may",1833,321.51437,-168.7155,0,"hd","mini","control","Co6","both"
"sep",1873,-510.68588,94.330475,0,"hd","mini","control","Co6","both"
"jun",1824,15.8384,-414.9662,0,"hd","mini","control","Co6","both"
"aug",2003,-417.4252,-52.17815,0,"str","mini","control","Co6","both"
"may",1883,300.8532,-153.69682,0,"str","mini","control","Co6","both"
"dec",2003,-260.89075,511.34583,0,"str","mini","control","Co6","both"
"oct",2027,-468.18967,179.53137,0,"str","mini","control","Co6","both"
"apr",2088,413.3823,199.43877,0,"str","mini","control","Co6","both"
"jul",1741,-305.3772,-359.8009,0,"str","mini","control","Co6","both"
"mar",2015,237.95804,402.42905,0,"str","mini","control","Co6","both"
"jan",1992,-65.72935,522.37537,0,"str","mini","control","Co6","both"
"sep",2003,-493.9531,69.57085,0,"str","mini","control","Co6","both"
"feb",2003,146.09885,448.73206,0,"str","mini","control","Co6","both"
"jun",1804,62.65893,-435.47964,0,"str","mini","control","Co6","both"
"nov",1992,-373.61948,435.8894,0,"str","mini","control","Co6","both"
"apr",1992,359.7818,259.45795,0,"eyes","mini","control","Co6","both"
"jan",2015,94.483376,489.91364,0,"eyes","mini","control","Co6","both"
"jul",1732,-276.7274,-345.90933,0,"eyes","mini","control","Co6","both"
"may",1915,342.5488,-242.77742,0,"eyes","mini","control","Co6","both"
"dec",1969,-273.55972,447.95407,0,"eyes","mini","control","Co6","both"
"feb",1936,107.59,426.99768,0,"eyes","mini","control","Co6","both"
"sep",2027,-394.26495,-24.64159,0,"eyes","mini","control","Co6","both"
"jun",1833,89.13265,-385.18054,0,"eyes","mini","control","Co6","both"
"oct",2003,-438.29648,86.96355,0,"eyes","mini","control","Co6","both"
"mar",1958,187.02164,391.0452,0,"eyes","mini","control","Co6","both"
"nov",2063,-322.4469,372.60526,0,"eyes","mini","control","Co6","both"
"jan",1873,-139.86937,403.3443,0,"tr","mini","control","Co7","both"
"may",1853,106.195404,-96.5413,0,"tr","mini","control","Co7","both"
"mar",1873,-35.780556,292.74985,0,"tr","mini","control","Co7","both"
"sep",1873,-478.1581,126.85826,0,"tr","mini","control","Co7","both"
"feb",1853,-3.2180555,389.38318,0,"tr","mini","control","Co7","both"
"oct",1894,-480.23,187.48701,0,"tr","mini","control","Co7","both"
"aug",1853,-460.18018,-99.759384,0,"tr","mini","control","Co7","both"
"nov",1853,-341.1126,344.33063,0,"tr","mini","control","Co7","both"
"jun",1777,27.774557,-287.0033,0,"tr","mini","control","Co7","both"
"dec",1863,-249.12653,407.66162,0,"tr","mini","control","Co7","both"
"jul",1843,-297.6629,-188.83997,0,"tr","mini","control","Co7","both"
"apr",1894,108.54511,217.09026,0,"tr","mini","control","Co7","both"
"dec",1915,-286.01163,382.45737,0,"hd","mini","control","Co7","both"
"jul",1947,-324.60385,-185.97101,0,"hd","mini","control","Co7","both"
"mar",1853,157.68417,238.13516,0,"hd","mini","control","Co7","both"
"aug",1883,-428.3888,-107.914764,0,"hd","mini","control","Co7","both"
"apr",1863,284.71606,16.176989,0,"hd","mini","control","Co7","both"
"feb",1833,108.23259,308.78104,0,"hd","mini","control","Co7","both"
"oct",1915,-415.71457,156.30862,0,"hd","mini","control","Co7","both"
"jan",1863,171.4767,378.54294,0,"hd","mini","control","Co7","both"
"nov",1894,-374.9741,292.7429,0,"hd","mini","control","Co7","both"
"may",1795,196.39093,-308.61435,0,"hd","mini","control","Co7","both"
"sep",1958,-421.64874,64.607414,0,"hd","mini","control","Co7","both"
"jun",1873,42.28607,-341.54163,0,"hd","mini","control","Co7","both"
"aug",1936,-406.8246,-47.070663,0,"str","mini","control","Co7","both"
"may",1759,189.39742,-180.23305,0,"str","mini","control","Co7","both"
"dec",1992,-283.67404,390.9167,0,"str","mini","control","Co7","both"
"oct",1980,-374.80737,165.05273,0,"str","mini","control","Co7","both"
"apr",1795,236.91614,-102.87148,0,"str","mini","control","Co7","both"
"jul",1883,-323.74417,-235.45038,0,"str","mini","control","Co7","both"
"mar",1936,221.90439,265.61273,0,"str","mini","control","Co7","both"
"jan",1936,0,440.44647,0,"str","mini","control","Co7","both"
"sep",2003,-400.03247,3.47849,0,"str","mini","control","Co7","both"
"feb",1915,152.98305,389.1088,0,"str","mini","control","Co7","both"
"jun",1863,45.295788,-378.54303,0,"str","mini","control","Co7","both"
"nov",1947,-321.22253,368.56058,0,"str","mini","control","Co7","both"
"apr",1804,260.03455,-65.791954,0,"eyes","mini","control","Co7","both"
"jan",1958,44.205086,465.85388,0,"eyes","mini","control","Co7","both"
"jul",1958,-275.43185,-95.21102,0,"eyes","mini","control","Co7","both"
"may",1814,229.97284,-179.56792,0,"eyes","mini","control","Co7","both"
"aug",1980,-357.61438,-75.64922,0,"eyes","mini","control","Co7","both"
"dec",2003,-274.8049,413.9466,0,"eyes","mini","control","Co7","both"
"feb",1873,159.38611,282.99152,0,"eyes","mini","control","Co7","both"
"sep",1958,-343.43973,37.40429,0,"eyes","mini","control","Co7","both"
"jun",1795,59.229065,-352.25684,0,"eyes","mini","control","Co7","both"
"oct",1992,-342.48453,245.6202,0,"eyes","mini","control","Co7","both"
"mar",1936,205.09346,279.06146,0,"eyes","mini","control","Co7","both"
"nov",2027,-302.73923,366.10318,0,"eyes","mini","control","Co7","both"
"jan",1492,-217.65294,329.07053,0,"tr","mini","control","Co8","both"
"may",1486,-167.74463,270.9721,0,"tr","mini","control","Co8","both"
"mar",1519,-184.65976,324.47357,0,"tr","mini","control","Co8","both"
"sep",1449,-296.93872,279.3237,0,"tr","mini","control","Co8","both"
"feb",1525,-169.49866,346.9426,0,"tr","mini","control","Co8","both"
"oct",1546,-265.80377,322.1864,0,"tr","mini","control","Co8","both"
"aug",1473,-266.04343,212.3231,0,"tr","mini","control","Co8","both"
"nov",1512,-265.20984,341.35916,0,"tr","mini","control","Co8","both"
"jun",1539,-195.10927,189.7638,0,"tr","mini","control","Co8","both"
"dec",1546,-249.69443,373.19922,0,"tr","mini","control","Co8","both"
"jul",1492,-222.83517,189.15076,0,"tr","mini","control","Co8","both"
"apr",1553,-153.73143,272.40134,0,"tr","mini","control","Co8","both"
"dec",1715,-276.98962,348.4708,0,"hd","mini","control","Co8","both"
"jul",1665,-225.54088,205.30002,0,"hd","mini","control","Co8","both"
"mar",1768,-141.23964,273.2679,0,"hd","mini","control","Co8","both"
"aug",1657,-241.72314,204.31358,0,"hd","mini","control","Co8","both"
"apr",1732,-147.3874,243.64041,0,"hd","mini","control","Co8","both"
"feb",1795,-202.62558,346.02213,0,"hd","mini","control","Co8","both"
"oct",1723,-290.2508,293.24307,0,"hd","mini","control","Co8","both"
"jan",1804,-219.30626,366.55472,0,"hd","mini","control","Co8","both"
"nov",1768,-273.26794,346.9582,0,"hd","mini","control","Co8","both"
"may",1741,-126.9885,257.00058,0,"hd","mini","control","Co8","both"
"sep",1741,-269.09476,250.95352,0,"hd","mini","control","Co8","both"
"jun",1715,-193.59491,217.42194,0,"hd","mini","control","Co8","both"
"aug",1690,-231.86235,190.77281,0,"str","mini","control","Co8","both"
"may",1723,-140.63696,248.35893,0,"str","mini","control","Co8","both"
"dec",1795,-196.39093,308.61432,0,"str","mini","control","Co8","both"
"oct",1786,-226.4231,266.74503,0,"str","mini","control","Co8","both"
"apr",1786,-114.76237,232.62645,0,"str","mini","control","Co8","both"
"jul",1759,-201.6166,174.12337,0,"str","mini","control","Co8","both"
"mar",1814,-135.46344,248.87474,0,"str","mini","control","Co8","both"
"jan",1814,-198.46971,299.27975,0,"str","mini","control","Co8","both"
"sep",1768,-260.98627,242.56369,0,"str","mini","control","Co8","both"
"feb",1833,-152.79886,270.58133,0,"str","mini","control","Co8","both"
"jun",1786,-161.28767,114.76238,0,"str","mini","control","Co8","both"
"nov",1853,-244.5713,273.53366,0,"str","mini","control","Co8","both"
"apr",1804,-109.65313,216.1733,0,"eyes","mini","control","Co8","both"
"jan",1795,-165.21776,289.91043,0,"eyes","mini","control","Co8","both"
"jul",1732,-186.49017,141.37157,0,"eyes","mini","control","Co8","both"
"may",1777,-89.49563,182.0773,0,"eyes","mini","control","Co8","both"
"dec",1786,-161.28767,269.8467,0,"eyes","mini","control","Co8","both"
"feb",1843,-105.62231,246.45209,0,"eyes","mini","control","Co8","both"
"sep",1723,-209.45937,188.51341,0,"eyes","mini","control","Co8","both"
"jun",1814,-129.16286,154.36534,0,"eyes","mini","control","Co8","both"
"oct",1750,-218.81996,246.17249,0,"eyes","mini","control","Co8","both"
"mar",1843,-108.82299,220.84666,0,"eyes","mini","control","Co8","both"
"nov",1824,-190.06079,262.91742,0,"eyes","mini","control","Co8","both"
"jan",1641,-356.23373,168.14229,0,"tr","mini","control","Co9","both"
"may",1833,-477.4965,98.682556,0,"tr","mini","control","Co9","both"
"mar",1698,-454.12442,132.69865,0,"tr","mini","control","Co9","both"
"sep",1947,-30.431597,54.100586,0,"tr","mini","control","Co9","both"
"feb",1657,-414.38254,175.537,0,"tr","mini","control","Co9","both"
"oct",1873,78.06669,42.286057,0,"tr","mini","control","Co9","both"
"aug",2003,-170.44861,73.049385,0,"tr","mini","control","Co9","both"
"nov",1715,26.805494,142.96234,0,"tr","mini","control","Co9","both"
"jun",2015,-307.9457,45.49194,0,"tr","mini","control","Co9","both"
"dec",1649,-137.46062,203.32716,0,"tr","mini","control","Co9","both"
"jul",2027,-221.77403,56.323517,0,"tr","mini","control","Co9","both"
"apr",1804,-476.20786,115.91901,0,"tr","mini","control","Co9","both"
"dec",1626,-53.65257,-121.42426,0,"hd","mini","control","Co9","both"
"jul",1947,-155.53935,-213.0213,0,"hd","mini","control","Co9","both"
"mar",1690,-513.61914,-143.81343,0,"hd","mini","control","Co9","both"
"aug",1992,-58.81044,-204.10701,0,"hd","mini","control","Co9","both"
"apr",1873,-445.63037,-29.275007,0,"hd","mini","control","Co9","both"
"feb",1665,-404.817,-54.93952,0,"hd","mini","control","Co9","both"
"oct",1883,26.161121,-120.99532,0,"hd","mini","control","Co9","both"
"jan",1673,-398.0457,-43.58165,0,"hd","mini","control","Co9","both"
"nov",1795,-3.1173284,-52.994465,0,"hd","mini","control","Co9","both"
"may",1883,-405.49774,-16.350748,0,"hd","mini","control","Co9","both"
"sep",1969,75.22895,-64.97052,0,"hd","mini","control","Co9","both"
"jun",2003,-125.22757,-59.13533,0,"hd","mini","control","Co9","both"
"aug",2076,3.6054025,25.237215,0,"str","mini","control","Co9","both"
"may",2003,-361.7685,62.61372,0,"str","mini","control","Co9","both"
"dec",1750,-21.274132,154.99748,0,"str","mini","control","Co9","both"
"oct",1925,33.430832,90.26321,0,"str","mini","control","Co9","both"
"apr",1873,-426.11374,55.29715,0,"str","mini","control","Co9","both"
"jul",2051,-124.66661,46.3047,0,"str","mini","control","Co9","both"
"mar",1741,-420.27158,111.870834,0,"str","mini","control","Co9","both"
"jan",1611,-299.36136,120.30407,0,"str","mini","control","Co9","both"
"sep",2027,31.682064,14.08083,0,"str","mini","control","Co9","both"
"feb",1723,-415.92645,122.68331,0,"str","mini","control","Co9","both"
"jun",2101,-291.89893,32.838596,0,"str","mini","control","Co9","both"
"nov",1768,33.77476,101.32403,0,"str","mini","control","Co9","both"
"apr",1969,-468.471,92.32637,0,"eyes","mini","control","Co9","both"
"jan",1673,-412.5729,171.42111,0,"eyes","mini","control","Co9","both"
"jul",2127,-166.22505,55.408295,0,"eyes","mini","control","Co9","both"
"may",2101,-423.25345,105.81332,0,"eyes","mini","control","Co9","both"
"aug",2114,-40.38446,40.384407,0,"eyes","mini","control","Co9","both"
"dec",1833,-35.016422,155.98218,0,"eyes","mini","control","Co9","both"
"feb",1715,-479.51965,169.7678,0,"eyes","mini","control","Co9","both"
"sep",2015,-20.996313,10.49809,0,"eyes","mini","control","Co9","both"
"jun",2063,-379.7708,96.734024,0,"eyes","mini","control","Co9","both"
"oct",1915,43.23429,76.491455,0,"eyes","mini","control","Co9","both"
"mar",1863,-452.9574,171.4767,0,"eyes","mini","control","Co9","both"
"nov",1795,-3.1173284,121.57532,0,"eyes","mini","control","Co9","both"
"jan",1925,-200.58499,498.11935,0,"tr","mini","control","Co10","both"
"may",1853,22.526327,202.73671,0,"tr","mini","control","Co10","both"
"mar",1904,211.6233,386.87372,0,"tr","mini","control","Co10","both"
"sep",1853,231.69914,-22.526327,0,"tr","mini","control","Co10","both"
"feb",1873,16.263884,458.64148,0,"tr","mini","control","Co10","both"
"oct",1814,-176.41756,-173.26729,0,"tr","mini","control","Co10","both"
"aug",1795,56.111675,65.46363,0,"tr","mini","control","Co10","both"
"nov",1833,41.383003,-155.98227,0,"tr","mini","control","Co10","both"
"jun",1853,222.04503,112.6315,0,"tr","mini","control","Co10","both"
"dec",1915,206.19446,-202.86876,0,"tr","mini","control","Co10","both"
"jul",1759,-192.45216,88.58906,0,"tr","mini","control","Co10","both"
"apr",1804,-156.64732,234.97095,0,"tr","mini","control","Co10","both"
"dec",1958,244.82834,-139.41614,0,"hd","mini","control","Co10","both"
"jul",1915,-152.98297,13.302806,0,"hd","mini","control","Co10","both"
"mar",1873,312.26663,341.54153,0,"hd","mini","control","Co10","both"
"aug",1824,53.850582,-47.515198,0,"hd","mini","control","Co10","both"
"apr",1873,-136.61658,81.31938,0,"hd","mini","control","Co10","both"
"feb",1843,76.816284,374.47913,0,"hd","mini","control","Co10","both"
"oct",1958,-159.81845,-248.2288,0,"hd","mini","control","Co10","both"
"jan",1873,-81.31941,406.59705,0,"hd","mini","control","Co10","both"
"nov",1883,62.13277,-264.88168,0,"hd","mini","control","Co10","both"
"may",1843,48.01015,188.83987,0,"hd","mini","control","Co10","both"
"sep",1873,266.7277,-87.82503,0,"hd","mini","control","Co10","both"
"jun",1833,267.39807,92.31595,0,"hd","mini","control","Co10","both"
"aug",1883,13.080623,26.161121,0,"str","mini","control","Co10","both"
"may",1904,3.306689,181.8637,0,"str","mini","control","Co10","both"
"dec",1925,277.4759,-210.61429,0,"str","mini","control","Co10","both"
"oct",2003,-226.10532,-198.27702,0,"str","mini","control","Co10","both"
"apr",1958,-163.21886,295.83417,0,"str","mini","control","Co10","both"
"jul",1894,-180.90857,-23.024752,0,"str","mini","control","Co10","both"
"mar",1904,284.3688,439.77957,0,"str","mini","control","Co10","both"
"jan",1925,-170.49725,404.51303,0,"str","mini","control","Co10","both"
"sep",1894,269.71826,-95.3882,0,"str","mini","control","Co10","both"
"feb",1904,19.839756,459.61923,0,"str","mini","control","Co10","both"
"jun",1833,238.74825,9.549875,0,"str","mini","control","Co10","both"
"nov",1904,39.679386,-241.38287,0,"str","mini","control","Co10","both"
"apr",1980,-171.93,230.38617,0,"eyes","mini","control","Co10","both"
"jan",1980,-154.737,436.70218,0,"eyes","mini","control","Co10","both"
"jul",1853,231.69914,80.45105,0,"eyes","mini","control","Co10","both"
"may",1883,42.511837,258.3413,0,"eyes","mini","control","Co10","both"
"aug",1833,47.74965,-41.383034,0,"eyes","mini","control","Co10","both"
"dec",1925,280.81903,-203.92813,0,"eyes","mini","control","Co10","both"
"feb",1904,33.06613,433.16635,0,"eyes","mini","control","Co10","both"
"sep",1925,354.3669,-43.46009,0,"eyes","mini","control","Co10","both"
"jun",1894,322.34613,180.90854,0,"eyes","mini","control","Co10","both"
"oct",1958,-190.42204,-234.62715,0,"eyes","mini","control","Co10","both"
"mar",1992,290.59302,487.781,0,"eyes","mini","control","Co10","both"
"nov",1915,46.56008,-256.08026,0,"eyes","mini","control","Co10","both"
"jan",1969,-205.1698,276.97922,0,"tr","mini","synaesthete","Sa6","both"
"may",1873,-195.1666,74.813835,0,"tr","mini","synaesthete","Sa6","both"
"mar",1925,-200.58499,177.1834,0,"tr","mini","synaesthete","Sa6","both"
"sep",1853,225.26303,170.55627,0,"tr","mini","synaesthete","Sa6","both"
"feb",1925,-227.32964,250.7312,0,"tr","mini","synaesthete","Sa6","both"
"oct",1894,217.09035,95.38811,0,"tr","mini","synaesthete","Sa6","both"
"aug",1894,177.61937,-3.2892904,0,"tr","mini","synaesthete","Sa6","both"
"nov",1947,121.72652,280.64703,0,"tr","mini","synaesthete","Sa6","both"
"jun",1863,-135.88718,-119.71019,0,"tr","mini","synaesthete","Sa6","both"
"dec",1894,0,384.84183,0,"tr","mini","synaesthete","Sa6","both"
"jul",1814,34.65352,-66.156654,0,"tr","mini","synaesthete","Sa6","both"
"apr",1915,-219.49731,182.91438,0,"tr","mini","synaesthete","Sa6","both"
"dec",1947,10.143844,375.32315,0,"hd","mini","synaesthete","Sa6","both"
"jul",1833,120.96575,-85.949425,0,"hd","mini","synaesthete","Sa6","both"
"mar",1969,-160.71631,188.07228,0,"hd","mini","synaesthete","Sa6","both"
"aug",1833,190.9986,-47.74965,0,"hd","mini","synaesthete","Sa6","both"
"apr",1947,-142.01414,165.6832,0,"hd","mini","synaesthete","Sa6","both"
"feb",1969,-143.61882,249.62321,0,"hd","mini","synaesthete","Sa6","both"
"oct",1958,234.62718,119.01375,0,"hd","mini","synaesthete","Sa6","both"
"jan",1992,-138.3776,321.7279,0,"hd","mini","synaesthete","Sa6","both"
"nov",1936,198.36906,265.61273,0,"hd","mini","synaesthete","Sa6","both"
"may",1958,-176.8204,-64.60756,0,"hd","mini","synaesthete","Sa6","both"
"sep",1894,177.61937,108.54508,0,"hd","mini","synaesthete","Sa6","both"
"jun",1883,-58.862553,-68.67308,0,"hd","mini","synaesthete","Sa6","both"
"aug",1843,265.65613,-35.207455,0,"str","mini","synaesthete","Sa6","both"
"may",1925,-127.03714,-3.343128,0,"str","mini","synaesthete","Sa6","both"
"dec",1958,27.20312,411.44754,0,"str","mini","synaesthete","Sa6","both"
"oct",1904,198.39679,168.63725,0,"str","mini","synaesthete","Sa6","both"
"apr",2039,-177.05316,187.67633,0,"str","mini","synaesthete","Sa6","both"
"jul",1873,26.022188,-165.89168,0,"str","mini","synaesthete","Sa6","both"
"mar",1992,-134.91815,231.78246,0,"str","mini","synaesthete","Sa6","both"
"jan",1980,-41.26316,354.17575,0,"str","mini","synaesthete","Sa6","both"
"sep",1936,235.35306,90.779,0,"str","mini","synaesthete","Sa6","both"
"feb",1992,-159.13425,266.37686,0,"str","mini","synaesthete","Sa6","both"
"jun",1915,-6.6513953,-123.05154,0,"str","mini","synaesthete","Sa6","both"
"nov",1980,226.94768,271.64938,0,"str","mini","synaesthete","Sa6","both"
"apr",1883,-137.34598,120.99528,0,"eyes","mini","synaesthete","Sa6","both"
"jan",1969,-102.5849,311.1742,0,"eyes","mini","synaesthete","Sa6","both"
"jul",1824,224.90535,-167.8871,0,"eyes","mini","synaesthete","Sa6","both"
"may",1833,-95.4993,-54.116356,0,"eyes","mini","synaesthete","Sa6","both"
"aug",1777,317.8638,-77.151474,0,"eyes","mini","synaesthete","Sa6","both"
"dec",1904,92.585144,360.42084,0,"eyes","mini","synaesthete","Sa6","both"
"feb",1915,-93.12004,262.7316,0,"eyes","mini","synaesthete","Sa6","both"
"sep",1833,296.0478,155.98218,0,"eyes","mini","synaesthete","Sa6","both"
"jun",1741,-48.3766,-154.20044,0,"eyes","mini","synaesthete","Sa6","both"
"oct",1863,317.07016,177.94751,0,"eyes","mini","synaesthete","Sa6","both"
"mar",1833,-63.6662,60.48283,0,"eyes","mini","synaesthete","Sa6","both"
"nov",1883,228.91003,310.6636,0,"eyes","mini","synaesthete","Sa6","both"
"jan",1634,14.188566,122.02164,0,"tr","mini","synaesthete","Sa7","both"
"may",1698,5.8977423,179.88042,0,"tr","mini","synaesthete","Sa7","both"
"mar",1690,5.8699555,143.81335,0,"tr","mini","synaesthete","Sa7","both"
"sep",1673,92.974205,165.61023,0,"tr","mini","synaesthete","Sa7","both"
"feb",1673,2.9055097,119.123146,0,"tr","mini","synaesthete","Sa7","both"
"oct",1657,106.47332,141.00516,0,"tr","mini","synaesthete","Sa7","both"
"aug",1673,95.87961,177.232,0,"tr","mini","synaesthete","Sa7","both"
"nov",1649,100.23171,111.686745,0,"tr","mini","synaesthete","Sa7","both"
"jun",1706,29.627533,180.7279,0,"tr","mini","synaesthete","Sa7","both"
"dec",1657,69.063805,89.20731,0,"tr","mini","synaesthete","Sa7","both"
"jul",1723,50.868725,188.51341,0,"tr","mini","synaesthete","Sa7","both"
"apr",1732,-3.0079181,153.40321,0,"tr","mini","synaesthete","Sa7","both"
"dec",1641,94.045685,-333.43484,0,"hd","mini","synaesthete","Sa7","both"
"jul",1525,47.67148,-124.475655,0,"hd","mini","synaesthete","Sa7","both"
"mar",1634,-136.21022,-178.77597,0,"hd","mini","synaesthete","Sa7","both"
"aug",1553,172.61081,-142.94334,0,"hd","mini","synaesthete","Sa7","both"
"apr",1626,-129.89572,-177.9007,0,"hd","mini","synaesthete","Sa7","both"
"oct",1626,271.0868,-194.8436,0,"hd","mini","synaesthete","Sa7","both"
"jan",1698,-129.74983,-291.93716,0,"hd","mini","synaesthete","Sa7","both"
"nov",1715,241.24911,-285.92487,0,"hd","mini","synaesthete","Sa7","both"
"may",1657,-195.68063,-152.51585,0,"hd","mini","synaesthete","Sa7","both"
"sep",1532,188.90076,-146.33159,0,"hd","mini","synaesthete","Sa7","both"
"jun",1553,-75.51719,-99.79062,0,"hd","mini","synaesthete","Sa7","both"
"aug",1641,99.745445,236.53918,0,"str","mini","synaesthete","Sa7","both"
"may",1657,-40.28718,221.57956,0,"str","mini","synaesthete","Sa7","both"
"dec",1589,60.710415,113.14207,0,"str","mini","synaesthete","Sa7","both"
"oct",1596,102.55366,169.07487,0,"str","mini","synaesthete","Sa7","both"
"apr",1657,-57.55313,198.55829,0,"str","mini","synaesthete","Sa7","both"
"jul",1673,31.959942,264.39532,0,"str","mini","synaesthete","Sa7","both"
"mar",1673,-55.20341,165.61023,0,"str","mini","synaesthete","Sa7","both"
"jan",1626,-5.647608,115.77659,0,"str","mini","synaesthete","Sa7","both"
"sep",1649,100.23171,209.05469,0,"str","mini","synaesthete","Sa7","both"
"feb",1641,-37.048286,139.64362,0,"str","mini","synaesthete","Sa7","both"
"jun",1690,14.674833,243.6022,0,"str","mini","synaesthete","Sa7","both"
"nov",1603,108.57123,125.27441,0,"str","mini","synaesthete","Sa7","both"
"apr",1665,-20.240816,147.46902,0,"eyes","mini","synaesthete","Sa7","both"
"jan",1634,-5.675394,104.99537,0,"eyes","mini","synaesthete","Sa7","both"
"jul",1690,38.154545,249.47214,0,"eyes","mini","synaesthete","Sa7","both"
"may",1698,0,209.36902,0,"eyes","mini","synaesthete","Sa7","both"
"aug",1657,143.88283,238.84547,0,"eyes","mini","synaesthete","Sa7","both"
"dec",1626,76.24316,70.595474,0,"eyes","mini","synaesthete","Sa7","both"
"feb",1665,8.674627,106.98733,0,"eyes","mini","synaesthete","Sa7","both"
"sep",1681,125.53145,236.46625,0,"eyes","mini","synaesthete","Sa7","both"
"jun",1723,35.90734,254.34349,0,"eyes","mini","synaesthete","Sa7","both"
"oct",1698,159.23848,173.9827,0,"eyes","mini","synaesthete","Sa7","both"
"mar",1723,17.953728,158.59064,0,"eyes","mini","synaesthete","Sa7","both"
"nov",1649,114.55053,71.594055,0,"eyes","mini","synaesthete","Sa7","both"
"jan",1915,123.05154,322.59448,0,"tr","mini","synaesthete","Sa9","both"
"may",1894,269.71826,95.38811,0,"tr","mini","synaesthete","Sa9","both"
"mar",1883,245.26074,199.47868,0,"tr","mini","synaesthete","Sa9","both"
"sep",1833,-82.76607,9.549875,0,"tr","mini","synaesthete","Sa9","both"
"feb",1833,178.26543,283.31454,0,"tr","mini","synaesthete","Sa9","both"
"oct",1863,-135.88718,132.65178,0,"tr","mini","synaesthete","Sa9","both"
"aug",1843,-102.421616,-35.207455,0,"tr","mini","synaesthete","Sa9","both"
"nov",1873,-91.07772,237.45265,0,"tr","mini","synaesthete","Sa9","both"
"jun",1804,56.393017,-59.526062,0,"tr","mini","synaesthete","Sa9","both"
"dec",1873,-52.044437,289.49707,0,"tr","mini","synaesthete","Sa9","both"
"jul",1804,6.2659173,-84.589615,0,"tr","mini","synaesthete","Sa9","both"
"apr",1777,129.6144,-21.602419,0,"tr","mini","synaesthete","Sa9","both"
"dec",1690,-73.37417,-79.24415,0,"hd","mini","synaesthete","Sa9","both"
"jul",1936,23.535332,-218.54216,0,"hd","mini","synaesthete","Sa9","both"
"mar",1853,119.06763,-189.86461,0,"hd","mini","synaesthete","Sa9","both"
"aug",1915,-69.840065,-202.86876,0,"hd","mini","synaesthete","Sa9","both"
"apr",1843,124.82644,-214.44536,0,"hd","mini","synaesthete","Sa9","both"
"feb",1681,140.12813,-90.49947,0,"hd","mini","synaesthete","Sa9","both"
"oct",1843,-144.03044,-112.02371,0,"hd","mini","synaesthete","Sa9","both"
"jan",1681,29.193367,20.435337,0,"hd","mini","synaesthete","Sa9","both"
"nov",1795,-99.7541,-34.290493,0,"hd","mini","synaesthete","Sa9","both"
"may",1824,114.03655,-186.89316,0,"hd","mini","synaesthete","Sa9","both"
"sep",1894,-85.520424,-180.90863,0,"hd","mini","synaesthete","Sa9","both"
"jun",1894,69.07426,-213.80106,0,"hd","mini","synaesthete","Sa9","both"
"aug",1969,-61.55091,-23.936502,0,"str","mini","synaesthete","Sa9","both"
"may",1883,183.1281,22.890982,0,"str","mini","synaesthete","Sa9","both"
"dec",1936,-73.96806,208.45552,0,"str","mini","synaesthete","Sa9","both"
"oct",1958,-142.81648,44.20507,0,"str","mini","synaesthete","Sa9","both"
"apr",1873,175.65,-16.263914,0,"str","mini","synaesthete","Sa9","both"
"jul",1915,-3.3257294,-109.74869,0,"str","mini","synaesthete","Sa9","both"
"mar",1863,220.00786,80.885216,0,"str","mini","synaesthete","Sa9","both"
"jan",1873,6.505578,250.46379,0,"str","mini","synaesthete","Sa9","both"
"sep",1925,-110.321724,-90.263306,0,"str","mini","synaesthete","Sa9","both"
"feb",1824,259.7498,186.89308,0,"str","mini","synaesthete","Sa9","both"
"jun",1853,28.962439,-125.50371,0,"str","mini","synaesthete","Sa9","both"
"nov",1925,-86.92018,197.24187,0,"str","mini","synaesthete","Sa9","both"
"apr",2101,-43.784798,-51.082367,0,"eyes","mini","synaesthete","Sa9","both"
"jan",1915,-106.42289,312.61734,0,"eyes","mini","synaesthete","Sa9","both"
"jul",1894,-111.83437,-101.96669,0,"eyes","mini","synaesthete","Sa9","both"
"may",1804,-62.65893,-100.25437,0,"eyes","mini","synaesthete","Sa9","both"
"aug",1958,-204.02359,-85.009895,0,"eyes","mini","synaesthete","Sa9","both"
"dec",2039,-212.46379,244.33333,0,"eyes","mini","synaesthete","Sa9","both"
"feb",1804,-59.525974,303.8958,0,"eyes","mini","synaesthete","Sa9","both"
"sep",1958,-176.8204,-71.40833,0,"eyes","mini","synaesthete","Sa9","both"
"jun",1814,-66.15659,-103.96037,0,"eyes","mini","synaesthete","Sa9","both"
"oct",1992,-221.40414,86.48596,0,"eyes","mini","synaesthete","Sa9","both"
"mar",1715,-2.9783947,92.329834,0,"eyes","mini","synaesthete","Sa9","both"
"nov",1969,-218.84776,194.91127,0,"eyes","mini","synaesthete","Sa9","both"
"jan",1904,105.81165,400.10016,0,"tr","mini","synaesthete","Sa11","both"
"may",1795,286.79315,109.106064,0,"tr","mini","synaesthete","Sa11","both"
"mar",1853,205.95482,299.278,0,"tr","mini","synaesthete","Sa11","both"
"sep",1904,-128.9579,102.50496,0,"tr","mini","synaesthete","Sa11","both"
"feb",1873,117.10003,315.51932,0,"tr","mini","synaesthete","Sa11","both"
"oct",1894,-134.85913,134.85907,0,"tr","mini","synaesthete","Sa11","both"
"aug",1894,-134.85913,16.44617,0,"tr","mini","synaesthete","Sa11","both"
"nov",1883,-127.535576,186.39813,0,"tr","mini","synaesthete","Sa11","both"
"jun",1843,176.03722,-60.812935,0,"tr","mini","synaesthete","Sa11","both"
"dec",1873,-91.07772,243.9582,0,"tr","mini","synaesthete","Sa11","both"
"jul",1863,48.53115,-132.65182,0,"tr","mini","synaesthete","Sa11","both"
"apr",1824,218.56996,136.2102,0,"tr","mini","synaesthete","Sa11","both"
"dec",1715,8.935127,145.94077,0,"hd","mini","synaesthete","Sa11","both"
"jul",1843,131.22781,-176.03728,0,"hd","mini","synaesthete","Sa11","both"
"mar",1690,170.22804,208.3826,0,"hd","mini","synaesthete","Sa11","both"
"aug",1915,-89.79431,-136.3544,0,"hd","mini","synaesthete","Sa11","both"
"apr",1824,253.4144,66.52126,0,"hd","mini","synaesthete","Sa11","both"
"feb",1777,157.38896,175.9052,0,"hd","mini","synaesthete","Sa11","both"
"oct",1925,-103.6356,23.40156,0,"hd","mini","synaesthete","Sa11","both"
"jan",1804,125.31786,228.70506,0,"hd","mini","synaesthete","Sa11","both"
"nov",1883,-111.18486,88.29383,0,"hd","mini","synaesthete","Sa11","both"
"may",1915,256.0802,-3.325761,0,"hd","mini","synaesthete","Sa11","both"
"sep",2015,-94.48331,-24.49571,0,"hd","mini","synaesthete","Sa11","both"
"jun",1992,183.3503,-100.323814,0,"hd","mini","synaesthete","Sa11","both"
"aug",2039,-60.198036,-31.869589,0,"str","mini","synaesthete","Sa11","both"
"may",1936,289.14813,63.881485,0,"str","mini","synaesthete","Sa11","both"
"dec",1925,-13.37232,307.56366,0,"str","mini","synaesthete","Sa11","both"
"oct",1969,-78.6484,106.00434,0,"str","mini","synaesthete","Sa11","both"
"apr",1883,235.45035,163.50714,0,"str","mini","synaesthete","Sa11","both"
"jul",1936,84.054665,-131.12529,0,"str","mini","synaesthete","Sa11","both"
"mar",1863,220.00786,245.89111,0,"str","mini","synaesthete","Sa11","both"
"jan",1883,91.56399,281.2323,0,"str","mini","synaesthete","Sa11","both"
"sep",1969,-68.38993,17.097418,0,"str","mini","synaesthete","Sa11","both"
"feb",1894,151.30542,266.42896,0,"str","mini","synaesthete","Sa11","both"
"jun",1915,186.2402,-96.44583,0,"str","mini","synaesthete","Sa11","both"
"nov",1958,-102.011795,180.22081,0,"str","mini","synaesthete","Sa11","both"
"apr",1894,296.0322,9.867683,0,"eyes","mini","synaesthete","Sa11","both"
"jan",1873,120.35276,315.51932,0,"eyes","mini","synaesthete","Sa11","both"
"jul",1843,195.24135,-73.61563,0,"eyes","mini","synaesthete","Sa11","both"
"may",1824,237.57599,72.85661,0,"eyes","mini","synaesthete","Sa11","both"
"aug",1947,-67.6258,-30.43163,0,"eyes","mini","synaesthete","Sa11","both"
"dec",1873,6.505578,302.5082,0,"eyes","mini","synaesthete","Sa11","both"
"feb",1824,174.2224,288.25888,0,"eyes","mini","synaesthete","Sa11","both"
"sep",1969,-82.06791,37.614426,0,"eyes","mini","synaesthete","Sa11","both"
"jun",1814,204.77037,-116.561615,0,"eyes","mini","synaesthete","Sa11","both"
"oct",1958,-112.21295,51.00585,0,"eyes","mini","synaesthete","Sa11","both"
"mar",1863,187.65375,281.48062,0,"eyes","mini","synaesthete","Sa11","both"
"nov",1958,-95.21098,180.22081,0,"eyes","mini","synaesthete","Sa11","both"
"jan",1824,313.60037,186.89308,0,"tr","mini","synaesthete","Sa1","crazyOnly"
"may",1706,-527.37006,79.9943,0,"tr","mini","synaesthete","Sa1","crazyOnly"
"mar",1486,46.45234,152.26048,0,"tr","mini","synaesthete","Sa1","crazyOnly"
"sep",2003,41.742546,-260.89084,0,"tr","mini","synaesthete","Sa1","crazyOnly"
"feb",1698,253.60202,165.13612,0,"tr","mini","synaesthete","Sa1","crazyOnly"
"oct",2003,69.57086,-253.93376,0,"tr","mini","synaesthete","Sa1","crazyOnly"
"aug",2003,66.09238,-260.89084,0,"tr","mini","synaesthete","Sa1","crazyOnly"
"nov",2589,359.6984,-85.42848,0,"tr","mini","synaesthete","Sa1","crazyOnly"
"dec",2039,453.25607,138.10144,0,"tr","mini","synaesthete","Sa1","crazyOnly"
"jul",2063,75.23769,-268.70584,0,"tr","mini","synaesthete","Sa1","crazyOnly"
"apr",1499,-447.7613,111.94029,0,"tr","mini","synaesthete","Sa1","crazyOnly"
"dec",1657,178.41473,181.29236,0,"hd","mini","synaesthete","Sa1","crazyOnly"
"jul",2003,31.306942,-246.97658,0,"hd","mini","synaesthete","Sa1","crazyOnly"
"mar",1698,-359.7609,138.59637,0,"hd","mini","synaesthete","Sa1","crazyOnly"
"aug",1969,-34.194965,-263.30133,0,"hd","mini","synaesthete","Sa1","crazyOnly"
"apr",2181,-655.26685,-18.938385,0,"hd","mini","synaesthete","Sa1","crazyOnly"
"feb",1626,-208.96266,98.83369,0,"hd","mini","synaesthete","Sa1","crazyOnly"
"oct",1992,-6.9188404,-252.53922,0,"hd","mini","synaesthete","Sa1","crazyOnly"
"jan",1618,-101.15737,126.446655,0,"hd","mini","synaesthete","Sa1","crazyOnly"
"nov",2101,675.0163,47.43353,0,"hd","mini","synaesthete","Sa1","crazyOnly"
"sep",1980,-3.438613,-251.0179,0,"hd","mini","synaesthete","Sa1","crazyOnly"
"jun",1980,-3.438613,-251.0179,0,"hd","mini","synaesthete","Sa1","crazyOnly"
"aug",1936,6.724399,-285.78592,0,"str","mini","synaesthete","Sa1","crazyOnly"
"oct",1992,34.5944,-252.53922,0,"str","mini","synaesthete","Sa1","crazyOnly"
"apr",2281,-633.81384,0,0,"str","mini","synaesthete","Sa1","crazyOnly"
"jul",1992,10.378293,-252.53922,0,"str","mini","synaesthete","Sa1","crazyOnly"
"mar",1786,-452.84625,71.33877,0,"str","mini","synaesthete","Sa1","crazyOnly"
"jan",1641,-119.6945,133.94385,0,"str","mini","synaesthete","Sa1","crazyOnly"
"sep",2015,-6.9987264,-234.45871,0,"str","mini","synaesthete","Sa1","crazyOnly"
"feb",1657,-189.92535,146.76047,0,"str","mini","synaesthete","Sa1","crazyOnly"
"jun",2015,-17.496916,-227.45995,0,"str","mini","synaesthete","Sa1","crazyOnly"
"nov",2140,687.5463,48.31402,0,"str","mini","synaesthete","Sa1","crazyOnly"
"apr",2127,-639.0429,-25.857258,0,"eyes","mini","synaesthete","Sa1","crazyOnly"
"jan",1626,-31.06203,104.481316,0,"eyes","mini","synaesthete","Sa1","crazyOnly"
"jul",2003,3.478623,-240.0195,0,"eyes","mini","synaesthete","Sa1","crazyOnly"
"may",2496,-546.17474,-186.39296,0,"eyes","mini","synaesthete","Sa1","crazyOnly"
"aug",2003,13.914227,-246.97658,0,"eyes","mini","synaesthete","Sa1","crazyOnly"
"feb",1723,-89.768295,128.66786,0,"eyes","mini","synaesthete","Sa1","crazyOnly"
"sep",2015,10.498123,-227.45995,0,"eyes","mini","synaesthete","Sa1","crazyOnly"
"jun",2015,10.498123,-227.45995,0,"eyes","mini","synaesthete","Sa1","crazyOnly"
"oct",1992,10.378293,-245.62025,0,"eyes","mini","synaesthete","Sa1","crazyOnly"
"mar",1786,-446.64285,108.55901,0,"eyes","mini","synaesthete","Sa1","crazyOnly"
"nov",2051,644.7046,-10.685751,0,"eyes","mini","synaesthete","Sa1","crazyOnly"
"jan",1750,-39.509144,240.09415,0,"tr","mini","synaesthete","Sa13","crazyOnly"
"may",1539,-56.12734,200.45471,0,"tr","mini","synaesthete","Sa13","crazyOnly"
"mar",1673,-5.8108535,159.79935,0,"tr","mini","synaesthete","Sa13","crazyOnly"
"sep",1863,-45.295727,-255.59747,0,"tr","mini","synaesthete","Sa13","crazyOnly"
"feb",1657,14.388283,273.37735,0,"tr","mini","synaesthete","Sa13","crazyOnly"
"aug",1581,-90.607086,-227.89067,0,"tr","mini","synaesthete","Sa13","crazyOnly"
"jun",1589,-68.98908,41.39341,0,"tr","mini","synaesthete","Sa13","crazyOnly"
"dec",1804,9.398816,203.64151,0,"tr","mini","synaesthete","Sa13","crazyOnly"
"jul",1512,-73.5235,97.15606,0,"tr","mini","synaesthete","Sa13","crazyOnly"
"apr",1681,72.98341,195.59554,0,"tr","mini","synaesthete","Sa13","crazyOnly"
"dec",1824,19.006151,60.18586,0,"hd","mini","synaesthete","Sa13","crazyOnly"
"jul",1512,-2.62585,-23.632574,0,"hd","mini","synaesthete","Sa13","crazyOnly"
"mar",1634,59.592045,144.72336,0,"hd","mini","synaesthete","Sa13","crazyOnly"
"aug",1698,-17.69317,-368.6075,0,"hd","mini","synaesthete","Sa13","crazyOnly"
"apr",1611,50.359837,148.28178,0,"hd","mini","synaesthete","Sa13","crazyOnly"
"feb",1706,50.36683,115.547356,0,"hd","mini","synaesthete","Sa13","crazyOnly"
"jan",1690,52.829376,132.07346,0,"hd","mini","synaesthete","Sa13","crazyOnly"
"may",1574,87.47244,161.27725,0,"hd","mini","synaesthete","Sa13","crazyOnly"
"jun",1589,55.191265,140.73772,0,"hd","mini","synaesthete","Sa13","crazyOnly"
"aug",1634,0,-229.85484,0,"str","mini","synaesthete","Sa13","crazyOnly"
"may",1611,50.359837,243.40596,0,"str","mini","synaesthete","Sa13","crazyOnly"
"dec",1980,20.631678,196.00015,0,"str","mini","synaesthete","Sa13","crazyOnly"
"apr",1741,69.54132,257.00058,0,"str","mini","synaesthete","Sa13","crazyOnly"
"jul",1512,-42.01345,86.65267,0,"str","mini","synaesthete","Sa13","crazyOnly"
"mar",1723,77.79926,230.40529,0,"str","mini","synaesthete","Sa13","crazyOnly"
"jan",1814,72.457184,217.37158,0,"str","mini","synaesthete","Sa13","crazyOnly"
"sep",1883,-26.161121,-336.82486,0,"str","mini","synaesthete","Sa13","crazyOnly"
"feb",1768,82.90154,254.84538,0,"str","mini","synaesthete","Sa13","crazyOnly"
"jun",1546,-8.05464,99.34079,0,"str","mini","synaesthete","Sa13","crazyOnly"
"apr",1732,75.19766,285.7511,0,"eyes","mini","synaesthete","Sa13","crazyOnly"
"jan",1777,43.204838,311.69168,0,"eyes","mini","synaesthete","Sa13","crazyOnly"
"jul",1589,13.797816,124.180305,0,"eyes","mini","synaesthete","Sa13","crazyOnly"
"may",1698,38.335155,291.9371,0,"eyes","mini","synaesthete","Sa13","crazyOnly"
"aug",1611,30.775534,-204.23729,0,"eyes","mini","synaesthete","Sa13","crazyOnly"
"dec",1894,19.735556,180.90854,0,"eyes","mini","synaesthete","Sa13","crazyOnly"
"feb",1723,44.884148,278.2817,0,"eyes","mini","synaesthete","Sa13","crazyOnly"
"sep",1759,27.493216,-363.52084,0,"eyes","mini","synaesthete","Sa13","crazyOnly"
"jun",1626,53.652622,223.08177,0,"eyes","mini","synaesthete","Sa13","crazyOnly"
"mar",1777,40.118713,274.659,0,"eyes","mini","synaesthete","Sa13","crazyOnly"
"nov",1992,-6.9188404,-280.21472,0,"eyes","mini","synaesthete","Sa13","crazyOnly"
"jan",1715,122.113785,205.50842,0,"tr","mini","synaesthete","Sa8","crazyOnly"
"may",1777,126.52839,330.20804,0,"tr","mini","synaesthete","Sa8","crazyOnly"
"mar",1759,24.438349,259.65768,0,"tr","mini","synaesthete","Sa8","crazyOnly"
"sep",1768,-175.01428,89.04233,0,"tr","mini","synaesthete","Sa8","crazyOnly"
"feb",1750,97.25336,237.055,0,"tr","mini","synaesthete","Sa8","crazyOnly"
"oct",1750,-139.80168,88.13579,0,"tr","mini","synaesthete","Sa8","crazyOnly"
"nov",1804,-15.664733,46.994156,0,"tr","mini","synaesthete","Sa8","crazyOnly"
"jun",1863,110.00399,300.89313,0,"tr","mini","synaesthete","Sa8","crazyOnly"
"dec",1833,19.099932,111.41583,0,"tr","mini","synaesthete","Sa8","crazyOnly"
"jul",1863,148.82893,313.83475,0,"tr","mini","synaesthete","Sa8","crazyOnly"
"apr",1833,-19.099873,238.7482,0,"tr","mini","synaesthete","Sa8","crazyOnly"
"dec",1741,157.22392,-39.30598,0,"hd","mini","synaesthete","Sa8","crazyOnly"
"jul",1777,305.51965,219.10999,0,"hd","mini","synaesthete","Sa8","crazyOnly"
"mar",1741,157.22392,142.10617,0,"hd","mini","synaesthete","Sa8","crazyOnly"
"feb",1759,109.97275,54.986286,0,"hd","mini","synaesthete","Sa8","crazyOnly"
"oct",1804,-93.988396,-53.260178,0,"hd","mini","synaesthete","Sa8","crazyOnly"
"jan",1786,198.508,71.33877,0,"hd","mini","synaesthete","Sa8","crazyOnly"
"nov",1804,6.2659173,-9.398875,0,"hd","mini","synaesthete","Sa8","crazyOnly"
"may",1824,215.4022,262.91742,0,"hd","mini","synaesthete","Sa8","crazyOnly"
"sep",1833,-79.58275,-54.116356,0,"hd","mini","synaesthete","Sa8","crazyOnly"
"jun",1795,149.63118,246.268,0,"hd","mini","synaesthete","Sa8","crazyOnly"
"may",1824,139.37796,326.271,0,"str","mini","synaesthete","Sa8","crazyOnly"
"dec",1833,63.6662,66.84949,0,"str","mini","synaesthete","Sa8","crazyOnly"
"oct",1863,-97.0623,55.001915,0,"str","mini","synaesthete","Sa8","crazyOnly"
"jul",1883,209.28922,310.6636,0,"str","mini","synaesthete","Sa8","crazyOnly"
"mar",1883,68.67308,212.5593,0,"str","mini","synaesthete","Sa8","crazyOnly"
"jan",1863,51.766632,145.5934,0,"str","mini","synaesthete","Sa8","crazyOnly"
"sep",1883,-134.07588,29.431261,0,"str","mini","synaesthete","Sa8","crazyOnly"
"feb",1873,42.28607,185.40823,0,"str","mini","synaesthete","Sa8","crazyOnly"
"jun",1873,156.13326,296.00266,0,"str","mini","synaesthete","Sa8","crazyOnly"
"nov",1853,-25.744322,67.57889,0,"str","mini","synaesthete","Sa8","crazyOnly"
"apr",1863,181.18303,249.12656,0,"eyes","mini","synaesthete","Sa8","crazyOnly"
"jan",1786,111.66079,102.355606,0,"eyes","mini","synaesthete","Sa8","crazyOnly"
"jul",1795,211.97751,339.7875,0,"eyes","mini","synaesthete","Sa8","crazyOnly"
"may",1795,105.988815,333.55286,0,"eyes","mini","synaesthete","Sa8","crazyOnly"
"aug",1894,-207.2225,-36.181725,0,"eyes","mini","synaesthete","Sa8","crazyOnly"
"dec",1732,96.25304,-33.086983,0,"eyes","mini","synaesthete","Sa8","crazyOnly"
"feb",1759,109.97275,204.67136,0,"eyes","mini","synaesthete","Sa8","crazyOnly"
"sep",1843,-150.43176,3.2006278,0,"eyes","mini","synaesthete","Sa8","crazyOnly"
"jun",1804,166.04614,328.95938,0,"eyes","mini","synaesthete","Sa8","crazyOnly"
"oct",1804,-106.52017,-40.728313,0,"eyes","mini","synaesthete","Sa8","crazyOnly"
"mar",1759,119.137115,229.1097,0,"eyes","mini","synaesthete","Sa8","crazyOnly"
"nov",1786,-9.305037,-15.508463,0,"eyes","mini","synaesthete","Sa8","crazyOnly"
"may",1814,-15.751566,59.855896,0,"tr","mini","synaesthete","Sa20","both"
"mar",1759,64.150795,164.95898,0,"tr","mini","synaesthete","Sa20","both"
"sep",2114,132.16736,11.013877,0,"tr","mini","synaesthete","Sa20","both"
"feb",1768,98.25368,230.28195,0,"tr","mini","synaesthete","Sa20","both"
"oct",2114,165.20909,29.370478,0,"tr","mini","synaesthete","Sa20","both"
"aug",2039,-38.95171,-38.95171,0,"tr","mini","synaesthete","Sa20","both"
"nov",2039,237.25127,102.69079,0,"tr","mini","synaesthete","Sa20","both"
"jun",1795,-121.57533,-34.290493,0,"tr","mini","synaesthete","Sa20","both"
"dec",1936,235.35306,245.43958,0,"tr","mini","synaesthete","Sa20","both"
"jul",1947,-131.8703,-47.33811,0,"tr","mini","synaesthete","Sa20","both"
"apr",1759,-33.602776,97.75344,0,"tr","mini","synaesthete","Sa20","both"
"dec",1603,-86.300186,91.86788,0,"hd","mini","synaesthete","Sa20","both"
"jul",1894,-180.90857,-157.88388,0,"hd","mini","synaesthete","Sa20","both"
"mar",1732,-345.90927,18.047422,0,"hd","mini","synaesthete","Sa20","both"
"aug",1925,-90.26321,-90.263306,0,"hd","mini","synaesthete","Sa20","both"
"apr",1777,-342.5523,-40.11874,0,"hd","mini","synaesthete","Sa20","both"
"feb",1665,-346.986,86.74646,0,"hd","mini","synaesthete","Sa20","both"
"oct",1768,-3.0704384,21.492966,0,"hd","mini","synaesthete","Sa20","both"
"jan",1596,-230.05273,157.988,0,"hd","mini","synaesthete","Sa20","both"
"nov",1657,34.531902,71.94139,0,"hd","mini","synaesthete","Sa20","both"
"may",1843,-313.6663,-48.01015,0,"hd","mini","synaesthete","Sa20","both"
"sep",1843,12.802755,-48.01015,0,"hd","mini","synaesthete","Sa20","both"
"jun",2063,-326.02966,-96.73413,0,"hd","mini","synaesthete","Sa20","both"
"aug",1915,-56.537144,-36.582897,0,"str","mini","synaesthete","Sa20","both"
"may",1824,-345.2771,-15.838429,0,"str","mini","synaesthete","Sa20","both"
"dec",1603,-105.78729,208.79071,0,"str","mini","synaesthete","Sa20","both"
"oct",1804,-9.398816,72.05775,0,"str","mini","synaesthete","Sa20","both"
"apr",1814,-368.5866,37.803722,0,"str","mini","synaesthete","Sa20","both"
"jul",1980,-206.316,-92.842255,0,"str","mini","synaesthete","Sa20","both"
"mar",1768,-389.94415,104.39449,0,"str","mini","synaesthete","Sa20","both"
"jan",1589,-229.04373,212.48637,0,"str","mini","synaesthete","Sa20","both"
"sep",1936,3.3622634,-30.259699,0,"str","mini","synaesthete","Sa20","both"
"feb",1665,-341.20288,170.60141,0,"str","mini","synaesthete","Sa20","both"
"jun",2088,-351.73746,-68.897125,0,"str","mini","synaesthete","Sa20","both"
"nov",1665,5.783122,135.9028,0,"str","mini","synaesthete","Sa20","both"
"apr",1786,-300.86356,96.15224,0,"eyes","mini","synaesthete","Sa20","both"
"jan",1641,-213.74025,225.13971,0,"eyes","mini","synaesthete","Sa20","both"
"jul",2003,-187.84132,-80.00657,0,"eyes","mini","synaesthete","Sa20","both"
"may",1883,-287.77258,3.2700934,0,"eyes","mini","synaesthete","Sa20","both"
"aug",1958,-34.003933,-37.40434,0,"eyes","mini","synaesthete","Sa20","both"
"dec",1657,-80.57436,207.19124,0,"eyes","mini","synaesthete","Sa20","both"
"feb",1706,-269.61057,174.8024,0,"eyes","mini","synaesthete","Sa20","both"
"sep",1915,3.3257928,-16.628614,0,"eyes","mini","synaesthete","Sa20","both"
"jun",1980,-281.96515,-3.4386458,0,"eyes","mini","synaesthete","Sa20","both"
"oct",1833,44.566387,66.84949,0,"eyes","mini","synaesthete","Sa20","both"
"mar",1814,-340.2338,53.555275,0,"eyes","mini","synaesthete","Sa20","both"
"nov",1715,-2.9783947,157.8543,0,"eyes","mini","synaesthete","Sa20","both"
"jan",1925,-314.24982,257.41742,0,"tr","mini","synaesthete","Sa21","both"
"may",1883,-241.99059,173.31757,0,"tr","mini","synaesthete","Sa21","both"
"mar",1925,-287.5052,244.04504,0,"tr","mini","synaesthete","Sa21","both"
"sep",1925,-351.02374,197.24187,0,"tr","mini","synaesthete","Sa21","both"
"feb",1925,-297.5344,270.78973,0,"tr","mini","synaesthete","Sa21","both"
"oct",1958,-363.84204,214.22476,0,"tr","mini","synaesthete","Sa21","both"
"aug",1915,-329.24594,162.9601,0,"tr","mini","synaesthete","Sa21","both"
"nov",1925,-357.70987,227.32964,0,"tr","mini","synaesthete","Sa21","both"
"jun",1915,-259.40588,123.05149,0,"tr","mini","synaesthete","Sa21","both"
"dec",1958,-336.63892,241.42789,0,"tr","mini","synaesthete","Sa21","both"
"jul",1915,-269.38306,103.09716,0,"tr","mini","synaesthete","Sa21","both"
"apr",1925,-237.35893,210.61424,0,"tr","mini","synaesthete","Sa21","both"
"dec",2003,-316.54745,55.65664,0,"hd","mini","synaesthete","Sa21","both"
"jul",2051,-260.01892,-39.18095,0,"hd","mini","synaesthete","Sa21","both"
"mar",1992,-228.32304,51.89155,0,"hd","mini","synaesthete","Sa21","both"
"aug",2003,-313.0689,-31.30691,0,"hd","mini","synaesthete","Sa21","both"
"apr",1969,-208.58931,54.711895,0,"hd","mini","synaesthete","Sa21","both"
"feb",1958,-231.22672,91.81058,0,"hd","mini","synaesthete","Sa21","both"
"oct",2003,-330.4616,31.30686,0,"hd","mini","synaesthete","Sa21","both"
"jan",1969,-283.8182,116.26287,0,"hd","mini","synaesthete","Sa21","both"
"nov",1992,-335.56564,58.81042,0,"hd","mini","synaesthete","Sa21","both"
"may",1969,-181.23329,51.2924,0,"hd","mini","synaesthete","Sa21","both"
"sep",1992,-314.80905,13.837697,0,"hd","mini","synaesthete","Sa21","both"
"jun",2015,-230.9593,-45.49199,0,"hd","mini","synaesthete","Sa21","both"
"aug",2027,-292.1785,116.167305,0,"str","mini","synaesthete","Sa21","both"
"may",2167,-161.82431,191.93117,0,"str","mini","synaesthete","Sa21","both"
"dec",2027,-271.05716,221.77406,0,"str","mini","synaesthete","Sa21","both"
"oct",2027,-285.1381,158.41,0,"str","mini","synaesthete","Sa21","both"
"apr",1958,-132.61533,163.21881,0,"str","mini","synaesthete","Sa21","both"
"jul",1958,-166.61926,74.80863,0,"str","mini","synaesthete","Sa21","both"
"mar",1969,-147.03833,218.84776,0,"str","mini","synaesthete","Sa21","both"
"jan",2003,-243.49803,246.97653,0,"str","mini","synaesthete","Sa21","both"
"sep",2027,-281.61786,123.207794,0,"str","mini","synaesthete","Sa21","both"
"feb",2003,-219.1482,250.45508,0,"str","mini","synaesthete","Sa21","both"
"jun",1969,-229.10623,88.906876,0,"str","mini","synaesthete","Sa21","both"
"nov",2015,-304.44632,160.97157,0,"str","mini","synaesthete","Sa21","both"
"apr",2003,-281.76202,194.79839,0,"eyes","mini","synaesthete","Sa21","both"
"jan",2063,-311.6986,240.04378,0,"eyes","mini","synaesthete","Sa21","both"
"jul",2027,-292.1785,80.96511,0,"eyes","mini","synaesthete","Sa21","both"
"may",1992,-259.458,179.89085,0,"eyes","mini","synaesthete","Sa21","both"
"aug",2051,-338.3808,128.2285,0,"eyes","mini","synaesthete","Sa21","both"
"dec",2088,-340.859,213.94339,0,"eyes","mini","synaesthete","Sa21","both"
"feb",2003,-278.28345,253.93361,0,"eyes","mini","synaesthete","Sa21","both"
"sep",2063,-343.94336,164.80614,0,"eyes","mini","synaesthete","Sa21","both"
"jun",1992,-307.89014,86.48596,0,"eyes","mini","synaesthete","Sa21","both"
"oct",2051,-327.69507,174.53325,0,"eyes","mini","synaesthete","Sa21","both"
"mar",1936,-248.80179,191.64459,0,"eyes","mini","synaesthete","Sa21","both"
"nov",2039,-322.2368,205.38162,0,"eyes","mini","synaesthete","Sa21","both"
"jan",1768,-27.633827,334.67648,0,"tr","mini","synaesthete","Sa22","both"
"may",1759,119.137115,94.69865,0,"tr","mini","synaesthete","Sa22","both"
"mar",1759,82.47953,146.63019,0,"tr","mini","synaesthete","Sa22","both"
"sep",1768,-294.76096,64.47894,0,"tr","mini","synaesthete","Sa22","both"
"feb",1786,71.33877,223.3214,0,"tr","mini","synaesthete","Sa22","both"
"oct",1833,-337.43088,155.98218,0,"tr","mini","synaesthete","Sa22","both"
"aug",1833,-302.41446,9.549875,0,"tr","mini","synaesthete","Sa22","both"
"nov",1804,-288.23105,197.37563,0,"tr","mini","synaesthete","Sa22","both"
"jun",1741,18.141289,-136.05923,0,"tr","mini","synaesthete","Sa22","both"
"dec",1814,-258.32565,267.7766,0,"tr","mini","synaesthete","Sa22","both"
"jul",1723,-170.55974,-191.50578,0,"tr","mini","synaesthete","Sa22","both"
"apr",1814,122.86227,85.058426,0,"tr","mini","synaesthete","Sa22","both"
"dec",1649,-223.37352,8.591241,0,"hd","mini","synaesthete","Sa22","both"
"jul",1732,-246.6483,-249.65631,0,"hd","mini","synaesthete","Sa22","both"
"mar",1741,75.58842,-142.10631,0,"hd","mini","synaesthete","Sa22","both"
"aug",1814,-296.12943,-166.96667,0,"hd","mini","synaesthete","Sa22","both"
"apr",1723,98.7451,-140.63708,0,"hd","mini","synaesthete","Sa22","both"
"feb",1732,93.24517,-9.023754,0,"hd","mini","synaesthete","Sa22","both"
"oct",1795,-349.13943,-34.290493,0,"hd","mini","synaesthete","Sa22","both"
"jan",1741,63.49434,63.49425,0,"hd","mini","synaesthete","Sa22","both"
"nov",1741,-293.28302,69.54132,0,"hd","mini","synaesthete","Sa22","both"
"may",1786,120.96583,-182.99956,0,"hd","mini","synaesthete","Sa22","both"
"sep",1824,-313.6003,-123.539536,0,"hd","mini","synaesthete","Sa22","both"
"jun",1795,-59.229004,-271.2066,0,"hd","mini","synaesthete","Sa22","both"
"aug",1804,-322.69348,-34.462425,0,"str","mini","synaesthete","Sa22","both"
"may",1681,113.85417,-55.46747,0,"str","mini","synaesthete","Sa22","both"
"dec",1768,-291.69052,248.70454,0,"str","mini","synaesthete","Sa22","both"
"oct",1804,-347.75708,100.25424,0,"str","mini","synaesthete","Sa22","both"
"apr",1804,147.24852,28.196493,0,"str","mini","synaesthete","Sa22","both"
"jul",1723,-212.45164,-194.498,0,"str","mini","synaesthete","Sa22","both"
"jan",1768,33.77476,267.12708,0,"str","mini","synaesthete","Sa22","both"
"sep",1833,-334.24756,3.1832614,0,"str","mini","synaesthete","Sa22","both"
"feb",1777,108.01198,175.9052,0,"str","mini","synaesthete","Sa22","both"
"jun",1698,8.846558,-156.28964,0,"str","mini","synaesthete","Sa22","both"
"nov",1833,-318.331,181.44862,0,"str","mini","synaesthete","Sa22","both"
"apr",2015,-164.47098,167.97034,0,"eyes","mini","synaesthete","Sa22","both"
"jan",1768,-119.74663,303.9722,0,"eyes","mini","synaesthete","Sa22","both"
"jul",1804,-332.09235,-169.17914,0,"eyes","mini","synaesthete","Sa22","both"
"may",1657,-43.16485,51.79777,0,"eyes","mini","synaesthete","Sa22","both"
"aug",1925,-340.99445,-30.087769,0,"eyes","mini","synaesthete","Sa22","both"
"dec",1947,-324.60385,280.64703,0,"eyes","mini","synaesthete","Sa22","both"
"sep",1947,-338.129,57.481873,0,"eyes","mini","synaesthete","Sa22","both"
"jun",1673,-183.04291,-113.3123,0,"eyes","mini","synaesthete","Sa22","both"
"oct",1969,-362.46664,106.00434,0,"eyes","mini","synaesthete","Sa22","both"
"mar",1649,-131.73312,100.231705,0,"eyes","mini","synaesthete","Sa22","both"
"nov",1969,-382.98358,160.71628,0,"eyes","mini","synaesthete","Sa22","both"
"jan",1814,-37.803722,368.5866,0,"tr","mini","synaesthete","Sa23","both"
"may",1795,-87.28484,96.636765,0,"tr","mini","synaesthete","Sa23","both"
"mar",1814,-132.31313,223.67221,0,"tr","mini","synaesthete","Sa23","both"
"sep",1759,305.47968,259.65768,0,"tr","mini","synaesthete","Sa23","both"
"oct",1750,273.525,337.34747,0,"tr","mini","synaesthete","Sa23","both"
"aug",1759,317.69888,88.58906,0,"tr","mini","synaesthete","Sa23","both"
"nov",1777,216.02396,410.44553,0,"tr","mini","synaesthete","Sa23","both"
"jun",1833,54.116295,-3.1833525,0,"tr","mini","synaesthete","Sa23","both"
"dec",1795,74.81564,427.07236,0,"tr","mini","synaesthete","Sa23","both"
"jul",1824,177.39015,15.838339,0,"tr","mini","synaesthete","Sa23","both"
"dec",1732,102.26887,45.118557,0,"hd","mini","synaesthete","Sa23","both"
"jul",1980,17.192999,-196.00026,0,"hd","mini","synaesthete","Sa23","both"
"mar",1936,-188.28246,-77.33036,0,"hd","mini","synaesthete","Sa23","both"
"aug",1969,102.5849,-147.03836,0,"hd","mini","synaesthete","Sa23","both"
"apr",1969,-174.39433,-140.19937,0,"hd","mini","synaesthete","Sa23","both"
"feb",1863,-126.18098,113.239334,0,"hd","mini","synaesthete","Sa23","both"
"oct",1863,223.24333,-9.706266,0,"hd","mini","synaesthete","Sa23","both"
"jan",1804,-62.65893,159.78026,0,"hd","mini","synaesthete","Sa23","both"
"nov",1824,161.55174,98.19803,0,"hd","mini","synaesthete","Sa23","both"
"may",1980,-110.03516,-202.87744,0,"hd","mini","synaesthete","Sa23","both"
"sep",1863,223.24333,9.706174,0,"hd","mini","synaesthete","Sa23","both"
"jun",2003,-48.699593,-233.06242,0,"hd","mini","synaesthete","Sa23","both"
"aug",1936,131.12534,0,0,"str","mini","synaesthete","Sa23","both"
"oct",1915,219.49738,176.26295,0,"str","mini","synaesthete","Sa23","both"
"jul",1915,-43.23429,-123.05154,0,"str","mini","synaesthete","Sa23","both"
"jan",1833,-82.76607,353.34738,0,"str","mini","synaesthete","Sa23","both"
"sep",1873,227.69437,87.82493,0,"str","mini","synaesthete","Sa23","both"
"jun",1925,-90.26321,-157.125,0,"str","mini","synaesthete","Sa23","both"
"nov",1833,222.8317,359.714,0,"str","mini","synaesthete","Sa23","both"
"jul",1969,-153.87735,-37.614475,0,"eyes","mini","synaesthete","Sa23","both"
"may",1958,-207.424,-17.001999,0,"eyes","mini","synaesthete","Sa23","both"
"aug",1925,46.803215,-36.77393,0,"eyes","mini","synaesthete","Sa23","both"
"dec",1863,12.9416895,342.95346,0,"eyes","mini","synaesthete","Sa23","both"
"feb",1958,-149.6173,312.83618,0,"eyes","mini","synaesthete","Sa23","both"
"sep",1873,110.59445,120.352715,0,"eyes","mini","synaesthete","Sa23","both"
"jun",1925,-100.292496,-103.63563,0,"eyes","mini","synaesthete","Sa23","both"
"oct",1873,120.35276,191.91377,0,"eyes","mini","synaesthete","Sa23","both"
"mar",1925,-210.61423,117.0079,0,"eyes","mini","synaesthete","Sa23","both"
"nov",1853,170.55627,344.33063,0,"eyes","mini","synaesthete","Sa23","both"
"may",2027,-63.36399,52.8033,0,"tr","mini","synaesthete","Sa24","both"
"mar",2140,-401.37836,152.37509,0,"tr","mini","synaesthete","Sa24","both"
"sep",1649,-435.292,180.41708,0,"tr","mini","synaesthete","Sa24","both"
"oct",1649,-515.4774,237.69234,0,"tr","mini","synaesthete","Sa24","both"
"aug",1546,-37.5884,174.51762,0,"tr","mini","synaesthete","Sa24","both"
"nov",2063,-480.0876,204.21632,0,"tr","mini","synaesthete","Sa24","both"
"jun",1873,81.31941,146.3749,0,"tr","mini","synaesthete","Sa24","both"
"dec",2088,-533.0455,177.68182,0,"tr","mini","synaesthete","Sa24","both"
"jul",1681,58.386734,154.72482,0,"tr","mini","synaesthete","Sa24","both"
"dec",2343,-390.62497,174.96738,0,"hd","mini","synaesthete","Sa24","both"
"jul",1657,-138.1275,100.717964,0,"hd","mini","synaesthete","Sa24","both"
"aug",1759,-342.13718,39.71232,0,"hd","mini","synaesthete","Sa24","both"
"apr",2343,-105.79427,150.55334,0,"hd","mini","synaesthete","Sa24","both"
"feb",2551,-221.51183,137.33727,0,"hd","mini","synaesthete","Sa24","both"
"oct",2266,-519.45776,106.25269,0,"hd","mini","synaesthete","Sa24","both"
"nov",2460,-478.48633,89.71617,0,"hd","mini","synaesthete","Sa24","both"
"may",2015,-3.4993966,157.4722,0,"hd","mini","synaesthete","Sa24","both"
"sep",1925,-468.03165,106.97861,0,"hd","mini","synaesthete","Sa24","both"
"jun",1768,-46.0564,64.47894,0,"hd","mini","synaesthete","Sa24","both"
"aug",1768,-187.29604,150.4509,0,"str","mini","synaesthete","Sa24","both"
"may",2101,3.6488202,186.08554,0,"str","mini","synaesthete","Sa24","both"
"dec",2409,-313.77225,154.79428,0,"str","mini","synaesthete","Sa24","both"
"oct",2181,-515.1231,124.99304,0,"str","mini","synaesthete","Sa24","both"
"apr",2392,-95.54442,178.62653,0,"str","mini","synaesthete","Sa24","both"
"jul",1759,-152.73984,119.13704,0,"str","mini","synaesthete","Sa24","both"
"mar",2514,-192.1031,152.80928,0,"str","mini","synaesthete","Sa24","both"
"jan",2478,-413.13217,137.71065,0,"str","mini","synaesthete","Sa24","both"
"sep",2088,-471.4008,112.410904,0,"str","mini","synaesthete","Sa24","both"
"feb",2532,-189.08128,153.90338,0,"str","mini","synaesthete","Sa24","both"
"jun",1824,-15.8384,123.53949,0,"str","mini","synaesthete","Sa24","both"
"nov",2376,-441.51617,144.42117,0,"str","mini","synaesthete","Sa24","both"
"apr",2327,-153.56645,141.4428,0,"eyes","mini","synaesthete","Sa24","both"
"jan",2343,-366.2109,142.41533,0,"eyes","mini","synaesthete","Sa24","both"
"jul",1732,-60.15813,159.41902,0,"eyes","mini","synaesthete","Sa24","both"
"may",2101,-7.2974315,222.57288,0,"eyes","mini","synaesthete","Sa24","both"
"aug",1777,-361.06857,95.66771,0,"eyes","mini","synaesthete","Sa24","both"
"dec",2376,-363.11612,132.04218,0,"eyes","mini","synaesthete","Sa24","both"
"feb",2460,-145.25478,158.07137,0,"eyes","mini","synaesthete","Sa24","both"
"sep",1980,-474.52676,134.10536,0,"eyes","mini","synaesthete","Sa24","both"
"jun",1814,-37.803722,148.06467,0,"eyes","mini","synaesthete","Sa24","both"
"oct",2376,-387.87405,169.17908,0,"eyes","mini","synaesthete","Sa24","both"
"mar",2443,-169.70706,199.40573,0,"eyes","mini","synaesthete","Sa24","both"
"nov",2409,-418.363,171.52878,0,"eyes","mini","synaesthete","Sa24","both"
"jan",2589,413.6532,229.3077,0,"tr","mini","synaesthete","Sa25","both"
"may",2208,425.63623,-34.511063,0,"tr","mini","synaesthete","Sa25","both"
"mar",2460,427.22,55.538548,0,"tr","mini","synaesthete","Sa25","both"
"sep",1750,170.1934,-100.292534,0,"tr","mini","synaesthete","Sa25","both"
"feb",2426,404.4628,147.46034,0,"tr","mini","synaesthete","Sa25","both"
"oct",1698,11.795485,138.59637,0,"tr","mini","synaesthete","Sa25","both"
"aug",1814,189.0188,-185.86853,0,"tr","mini","synaesthete","Sa25","both"
"nov",1732,42.110737,213.56134,0,"tr","mini","synaesthete","Sa25","both"
"jun",2167,387.6257,-214.51138,0,"tr","mini","synaesthete","Sa25","both"
"dec",1690,2.9350338,267.08197,0,"tr","mini","synaesthete","Sa25","both"
"jul",1936,242.07745,-272.3372,0,"tr","mini","synaesthete","Sa25","both"
"apr",2312,389.47183,-92.34907,0,"tr","mini","synaesthete","Sa25","both"
"dec",1873,-263.4749,165.89159,0,"hd","mini","synaesthete","Sa25","both"
"jul",1795,93.5195,-233.79883,0,"hd","mini","synaesthete","Sa25","both"
"mar",1833,436.1135,-28.649807,0,"hd","mini","synaesthete","Sa25","both"
"aug",1843,-134.42838,-233.64949,0,"hd","mini","synaesthete","Sa25","both"
"apr",1824,380.12158,-110.86883,0,"hd","mini","synaesthete","Sa25","both"
"feb",1904,542.2846,109.11818,0,"hd","mini","synaesthete","Sa25","both"
"oct",1883,-235.45027,-88.29392,0,"hd","mini","synaesthete","Sa25","both"
"jan",1969,656.5434,174.3943,0,"hd","mini","synaesthete","Sa25","both"
"nov",1915,-272.7087,69.84003,0,"hd","mini","synaesthete","Sa25","both"
"may",1795,240.0334,-171.45247,0,"hd","mini","synaesthete","Sa25","both"
"sep",1883,-196.2086,-140.61617,0,"hd","mini","synaesthete","Sa25","both"
"jun",1833,117.78249,-232.38173,0,"hd","mini","synaesthete","Sa25","both"
"aug",1824,-148.88092,-180.55782,0,"str","mini","synaesthete","Sa25","both"
"may",1777,277.7451,-138.87263,0,"str","mini","synaesthete","Sa25","both"
"dec",1947,-351.65414,199.49606,0,"str","mini","synaesthete","Sa25","both"
"oct",1925,-267.44666,-30.087769,0,"str","mini","synaesthete","Sa25","both"
"apr",1795,336.67017,-59.22909,0,"str","mini","synaesthete","Sa25","both"
"jul",1853,12.872222,-209.17284,0,"str","mini","synaesthete","Sa25","both"
"mar",1863,446.48654,80.885216,0,"str","mini","synaesthete","Sa25","both"
"jan",2003,660.9232,233.06238,0,"str","mini","synaesthete","Sa25","both"
"sep",1947,-270.5032,-84.53231,0,"str","mini","synaesthete","Sa25","both"
"feb",1980,577.68475,251.01775,0,"str","mini","synaesthete","Sa25","both"
"jun",1863,122.94556,-210.30168,0,"str","mini","synaesthete","Sa25","both"
"nov",2003,-347.85434,100.87771,0,"str","mini","synaesthete","Sa25","both"
"apr",1768,396.08508,-58.33818,0,"eyes","mini","synaesthete","Sa25","both"
"jan",1894,578.9075,174.33005,0,"eyes","mini","synaesthete","Sa25","both"
"jul",1804,28.196568,-228.7052,0,"eyes","mini","synaesthete","Sa25","both"
"may",1786,310.16867,-71.33886,0,"eyes","mini","synaesthete","Sa25","both"
"aug",1833,-140.06563,-206.91518,0,"eyes","mini","synaesthete","Sa25","both"
"dec",1947,-284.02835,91.29479,0,"eyes","mini","synaesthete","Sa25","both"
"feb",1843,473.7001,144.0304,0,"eyes","mini","synaesthete","Sa25","both"
"sep",1833,-184.63196,-105.04926,0,"eyes","mini","synaesthete","Sa25","both"
"jun",1786,198.508,-207.81303,0,"eyes","mini","synaesthete","Sa25","both"
"oct",1873,-234.19987,74.813835,0,"eyes","mini","synaesthete","Sa25","both"
"mar",1786,428.0327,40.321888,0,"eyes","mini","synaesthete","Sa25","both"
"nov",1904,-257.9158,72.74547,0,"eyes","mini","synaesthete","Sa25","both"
